sku,item_title,"Austin, TX","East Village, NYC","Hyde Park, Chicago","Los Angeles, CA","South Loop, Chicago",Min_Price,Max_Price,Price_Range,Avg_Price
7904,Bruschetta Sauce,2.99,3.99,3.99,2.99,3.99,2.99,3.99,1.0,3.59
74895,Seedless Lemons,2.99,3.99,3.99,2.99,3.99,2.99,3.99,1.0,3.59
60500,White Sliced Bread,1.99,2.49,1.99,1.99,1.99,1.99,2.49,0.5000000000000002,2.09
97436,Lemon Chicken & Arugula Salad,4.99,5.49,4.99,4.99,4.99,4.99,5.49,0.5,5.09
83524,Grilled Chili Lime Chicken Breast,7.99,7.99,7.49,7.99,7.49,7.49,7.99,0.5,7.79
92457,Traditional Indian Style Flatbread,3.49,3.49,3.49,3.99,3.49,3.49,3.99,0.5,3.59
68885,Carb Savvy Tortillas made with Whole Wheat,3.49,2.99,2.99,3.49,2.99,2.99,3.49,0.5,3.19
80336,Shishito Peppers,2.99,2.49,2.49,2.99,2.49,2.49,2.99,0.5,2.69
75762,Organic Buttery Plant-Based Spread,3.99,3.99,3.99,3.69,3.99,3.69,3.99,0.30000000000000027,3.93
81059,La Colombe® Vanilla Cold Brew Draft Latte,2.69,2.99,2.99,2.99,2.99,2.69,2.99,0.30000000000000027,2.93
61875,La Colombe Triple Cold Brew Latte,2.69,2.99,2.99,2.99,2.99,2.69,2.99,0.30000000000000027,2.93
65156,La Colombe Pumpkin Spice Cold Brew Latte,2.69,2.99,2.99,2.99,2.99,2.69,2.99,0.30000000000000027,2.93
70576,La Colombe Double Cold Brew Latte with Oatmilk,2.69,2.99,2.99,2.99,2.99,2.69,2.99,0.30000000000000027,2.93
53681,Organic Beets,1.79,1.99,1.99,1.79,1.99,1.79,1.99,0.19999999999999996,1.91
92334,Plain Pizza Dough,1.69,1.69,1.69,1.49,1.69,1.49,1.69,0.19999999999999996,1.65
95748,Fresh Fennel,3.49,3.69,3.69,3.49,3.69,3.49,3.69,0.19999999999999973,3.61
58463,Southwestern Chopped Salad Kit,3.49,3.69,3.69,3.49,3.69,3.49,3.69,0.19999999999999973,3.61
41911,Organic Firm Tofu,1.89,1.99,1.99,1.89,1.99,1.89,1.99,0.10000000000000009,1.95
78122,Strawberries & Crème Pancake & Waffle Mix,1.99,1.99,1.99,1.99,1.99,1.99,1.99,0.0,1.99
77991,Bubble Waffles,4.49,4.49,4.49,4.49,4.49,4.49,4.49,0.0,4.49
77993,Organic Couscous,1.79,1.79,1.79,1.79,1.79,1.79,1.79,0.0,1.79
78022,Automatic Dishwasher Detergent Packs Free & Clear,4.99,4.99,4.99,4.99,4.99,4.99,4.99,0.0,4.99
78032,Creamy Spinach & Artichoke Dip,3.79,3.79,3.79,3.79,3.79,3.79,3.79,0.0,3.79
77933,Piquant Popcorn,2.99,2.99,2.99,2.99,2.99,2.99,2.99,0.0,2.99
78052,Pad See Ew,3.79,3.79,3.79,3.79,3.79,3.79,3.79,0.0,3.79
78080,Strawberry Yogurt Flavored Coated Almonds,3.99,3.99,3.99,3.99,3.99,3.99,3.99,0.0,3.99
78102,Brioche Style Liège Waffles,3.99,3.99,3.99,3.99,3.99,3.99,3.99,0.0,3.99
78103,Tom Yum Seasoned Snack Mix,3.79,3.79,3.79,3.79,3.79,3.79,3.79,0.0,3.79
77923,Snickerdoodle Cookies,4.99,4.99,4.99,4.99,4.99,4.99,4.99,0.0,4.99
691,Peanut Butter Filled Pretzel Nuggets,2.69,2.69,2.69,2.69,2.69,2.69,2.69,0.0,2.69
78136,Gluten Free Chocolate Chip Cookies,4.99,4.99,4.99,4.99,4.99,4.99,4.99,0.0,4.99
78138,Sandwich Rolls,3.49,3.49,3.49,3.49,3.49,3.49,3.49,0.0,3.49
78428,Spicy Dynamite Sauce,2.99,2.99,2.99,2.99,2.99,2.99,2.99,0.0,2.99
78424,Steamed Vegetable Soup Dumplings,3.49,3.49,3.49,3.49,3.49,3.49,3.49,0.0,3.49
78302,Crispy Garlic,3.29,3.29,3.29,3.29,3.29,3.29,3.29,0.0,3.29
78298,Bacon & Eggs Shaped Sweet Gummy Candies,1.99,1.99,1.99,1.99,1.99,1.99,1.99,0.0,1.99
78297,Hoisin Sauce,1.99,1.99,1.99,1.99,1.99,1.99,1.99,0.0,1.99
78296,Sicilian Selezione Extra Virgin Olive Oil,10.99,10.99,10.99,10.99,10.99,10.99,10.99,0.0,10.99
78280,Crispy Jalapeño Pieces,2.99,2.99,2.99,2.99,2.99,2.99,2.99,0.0,2.99
78278,Organic Apple Cinnamon Fruit Sauce Crushers,2.99,2.99,2.99,2.99,2.99,2.99,2.99,0.0,2.99
78275,Teriyaki Chicken Bowl,4.79,4.79,4.79,4.79,4.79,4.79,4.79,0.0,4.79
78268,Chickpea Fusilli Pasta,2.99,2.99,2.99,2.99,2.99,2.99,2.99,0.0,2.99
78222,Spicy Chicken Nuggets,3.99,3.99,3.99,3.99,3.99,3.99,3.99,0.0,3.99
78176,Sliced Applewood Smoked Uncured Ham,4.99,4.99,4.99,4.99,4.99,4.99,4.99,0.0,4.99
78175,Sliced Roast Beef,6.99,6.99,6.99,6.99,6.99,6.99,6.99,0.0,6.99
78169,Something Spritzy Pineapple & Orange,1.99,1.99,1.99,1.99,1.99,1.99,1.99,0.0,1.99
77918,Organic Fruit Punch Juice Beverage,0.5,0.5,0.5,0.5,0.5,0.5,0.5,0.0,0.5
77922,Stir Fry Veggie Blend,3.49,3.49,3.49,3.49,3.49,3.49,3.49,0.0,3.49
77825,Teensy Candy Bars,2.99,2.99,2.99,2.99,2.99,2.99,2.99,0.0,2.99
77916,Organic Apple Juice Beverage,0.5,0.5,0.5,0.5,0.5,0.5,0.5,0.0,0.5
77616,Energy Bar Peanut Butter,1.19,1.19,1.19,1.19,1.19,1.19,1.19,0.0,1.19
77544,Peanut Butter Overnight Oats,1.99,1.99,1.99,1.99,1.99,1.99,1.99,0.0,1.99
77524,Slow Roasted Tomatoes,3.99,3.99,3.99,3.99,3.99,3.99,3.99,0.0,3.99
77519,Sonora Style Flour Tortillas,2.99,2.99,2.99,2.99,2.99,2.99,2.99,0.0,2.99
77515,Jumeokbap,4.99,4.99,4.99,4.99,4.99,4.99,4.99,0.0,4.99
77513,Organic Mango Vinaigrette Dressing,3.99,3.99,3.99,3.99,3.99,3.99,3.99,0.0,3.99
77512,Dark Chocolate Covered Cashews,4.99,4.99,4.99,4.99,4.99,4.99,4.99,0.0,4.99
77488,Garlic & Asiago Cheese Dip,4.99,4.99,4.99,4.99,4.99,4.99,4.99,0.0,4.99
77455,Teeny Tiny Apple Pies,5.49,5.49,5.49,5.49,5.49,5.49,5.49,0.0,5.49
77452,Jalapeño & Cream Cheese Crispy Wontons,4.99,4.99,4.99,4.99,4.99,4.99,4.99,0.0,4.99
77429,Green Goddess Salad,5.99,5.99,5.99,5.99,5.99,5.99,5.99,0.0,5.99
77338,Savory Squares,3.99,3.99,3.99,3.99,3.99,3.99,3.99,0.0,3.99
77330,Milk Chocolate Covered Honeycomb Candy,3.99,3.99,3.99,3.99,3.99,3.99,3.99,0.0,3.99
77316,Sesame Miso Salad with Salmon,6.99,6.99,6.99,6.99,6.99,6.99,6.99,0.0,6.99
77301,Norwegian Sourdough Rye Chips,3.29,3.29,3.29,3.29,3.29,3.29,3.29,0.0,3.29
77299,Lentils,0.99,0.99,0.99,0.99,0.99,0.99,0.99,0.0,0.99
77556,Vegetable Dumplings,3.99,3.99,3.99,3.99,3.99,3.99,3.99,0.0,3.99
77618,Energy Bar Chocolate Chip,1.19,1.19,1.19,1.19,1.19,1.19,1.19,0.0,1.19
77876,Ranch Seasoned Cashews,4.49,4.49,4.49,4.49,4.49,4.49,4.49,0.0,4.49
77629,A Handful of Tiny Dark Chocolate Covered Pretzels,1.29,1.29,1.29,1.29,1.29,1.29,1.29,0.0,1.29
78444,Vanilla Bean Whole Milk Greek Yogurt,5.49,5.49,5.49,5.49,5.49,5.49,5.49,0.0,5.49
77815,Organic Non-Dairy Coconut Beverage Unsweetened,2.99,2.99,2.99,2.99,2.99,2.99,2.99,0.0,2.99
77814,Organic Non-Dairy Rice Beverage,2.49,2.49,2.49,2.49,2.49,2.49,2.49,0.0,2.49
77808,Orgain® Creamy Chocolate Fudge Organic Protein Boost Powder,14.99,14.99,14.99,14.99,14.99,14.99,14.99,0.0,14.99
77804,Orgain® Vanilla Bean Organic Protein Boost Powder,14.99,14.99,14.99,14.99,14.99,14.99,14.99,0.0,14.99
77798,Freeze Dried Tart Cherries,3.99,3.99,3.99,3.99,3.99,3.99,3.99,0.0,3.99
77797,Organic Freezer Pops,0.99,0.99,0.99,0.99,0.99,0.99,0.99,0.0,0.99
77785,Fried Shallots,2.49,2.49,2.49,2.49,2.49,2.49,2.49,0.0,2.49
77740,Spicy Squiggly Knife Cut Noodles,4.99,4.99,4.99,4.99,4.99,4.99,4.99,0.0,4.99
77728,Sliced Sharp Cheddar Cheese,4.79,4.79,4.79,4.79,4.79,4.79,4.79,0.0,4.79
77726,All Natural Fresh Mozzarella Cheese,3.99,3.99,3.99,3.99,3.99,3.99,3.99,0.0,3.99
77677,Tandoori Naan,2.99,2.99,2.99,2.99,2.99,2.99,2.99,0.0,2.99
77664,Cheddar Macaroni & Cheese,0.99,0.99,0.99,0.99,0.99,0.99,0.99,0.0,0.99
77655,Apple Overnight Oats,1.99,1.99,1.99,1.99,1.99,1.99,1.99,0.0,1.99
77636,Aglio Olio Seasoning Blend,2.49,2.49,2.49,2.49,2.49,2.49,2.49,0.0,2.49
78443,Simply Amazing Soft Dried Apricots,4.79,4.79,4.79,4.79,4.79,4.79,4.79,0.0,4.79
78555,Soyaki,3.99,3.99,3.99,3.99,3.99,3.99,3.99,0.0,3.99
78446,Everything but the Bagel Cheddar Cheese,4.99,4.99,4.99,4.99,4.99,4.99,4.99,0.0,4.99
79260,Leave in Conditioner,5.99,5.99,5.99,5.99,5.99,5.99,5.99,0.0,5.99
79212,Dark Chocolate Covered Caramels,5.49,5.49,5.49,5.49,5.49,5.49,5.49,0.0,5.49
79207,Pumpkin Spice Cold Brew Coffee Concentrate,9.99,9.99,9.99,9.99,9.99,9.99,9.99,0.0,9.99
79173,Vanilla Cardamom Cold Brew Coffee,5.99,5.99,5.99,5.99,5.99,5.99,5.99,0.0,5.99
79172,Organic Basmati Rice,3.99,3.99,3.99,3.99,3.99,3.99,3.99,0.0,3.99
79171,Lemon Stuffed Olives,2.99,2.99,2.99,2.99,2.99,2.99,2.99,0.0,2.99
79169,Dark Chocolate Chips No Sugar Added,3.99,3.99,3.99,3.99,3.99,3.99,3.99,0.0,3.99
79166,Almond Paste,3.99,3.99,3.99,3.99,3.99,3.99,3.99,0.0,3.99
79157,White Stilton Cheese with Apple & Pear,12.99,12.99,12.99,12.99,12.99,12.99,12.99,0.0,12.99
79153,Caramelized Onion Goat's Milk Cheese,2.99,2.99,2.99,2.99,2.99,2.99,2.99,0.0,2.99
79142,Sugar Bee® Apples,4.99,4.99,4.99,4.99,4.99,4.99,4.99,0.0,4.99
79114,Dinner Rolls,2.99,2.99,2.99,2.99,2.99,2.99,2.99,0.0,2.99
79111,Sweet Chili Mango Complete Salad Kit,3.99,3.99,3.99,3.99,3.99,3.99,3.99,0.0,3.99
79109,Savory Squash Pastry Bites,5.49,5.49,5.49,5.49,5.49,5.49,5.49,0.0,5.49
79108,Mini Mushroom Tartelettes,5.49,5.49,5.49,5.49,5.49,5.49,5.49,0.0,5.49
79074,Crunchy Milk Chocolate & Sea Salt Thins,3.49,3.49,3.49,3.49,3.49,3.49,3.49,0.0,3.49
79213,A Gaggle of Gummy Candy,3.79,3.79,3.79,3.79,3.79,3.79,3.79,0.0,3.79
79261,Pumpkin Ultra Moisturizing Hand Cream,4.99,4.99,4.99,4.99,4.99,4.99,4.99,0.0,4.99
79033,Uncured Beef Hot Dogs,3.99,3.99,3.99,3.99,3.99,3.99,3.99,0.0,3.99
79274,Norwegian Smoked Salmon,5.49,5.49,5.49,5.49,5.49,5.49,5.49,0.0,5.49
79528,Mocha Latte Pretzels,2.99,2.99,2.99,2.99,2.99,2.99,2.99,0.0,2.99
79518,Freeze-Dried Just Salmon with Skin for Pets,5.49,5.49,5.49,5.49,5.49,5.49,5.49,0.0,5.49
79511,Raspberries & Cream Yogurt,2.69,2.69,2.69,2.69,2.69,2.69,2.69,0.0,2.69
79508,Meyer Lemon & Cream Yogurt,2.69,2.69,2.69,2.69,2.69,2.69,2.69,0.0,2.69
79507,Blueberries & Cream Yogurt,2.69,2.69,2.69,2.69,2.69,2.69,2.69,0.0,2.69
79506,Vanilla & Cream Yogurt,2.69,2.69,2.69,2.69,2.69,2.69,2.69,0.0,2.69
79482,Butter with Brown Sugar & Maple Syrup,2.99,2.99,2.99,2.99,2.99,2.99,2.99,0.0,2.99
79481,"Butter with Parmesan, Garlic & Herb",2.99,2.99,2.99,2.99,2.99,2.99,2.99,0.0,2.99
79429,Sweet & Spicy Rice Cracker Mix,2.49,2.49,2.49,2.49,2.49,2.49,2.49,0.0,2.49
79371,Body Wash & Serum Duo,12.99,12.99,12.99,12.99,12.99,12.99,12.99,0.0,12.99
79365,Cheesy Bagels,3.49,3.49,3.49,3.49,3.49,3.49,3.49,0.0,3.49
79323,Bully Chewers,3.99,3.99,3.99,3.99,3.99,3.99,3.99,0.0,3.99
79301,Harvest Brunch Dog Treats,3.49,3.49,3.49,3.49,3.49,3.49,3.49,0.0,3.49
79297,Hot Chocolate Stirring Spoon,1.29,1.29,1.29,1.29,1.29,1.29,1.29,0.0,1.29
79277,Carrot Mini Sheet Cake,5.99,5.99,5.99,5.99,5.99,5.99,5.99,0.0,5.99
79073,Single Origin 72% Cacao Dark Chocolate,2.49,2.49,2.49,2.49,2.49,2.49,2.49,0.0,2.49
79003,Double Cream Brie,4.49,4.49,4.49,4.49,4.49,4.49,4.49,0.0,4.49
78495,Organic Turmeric Twist Cold Pressed Juice Blend,4.99,4.99,4.99,4.99,4.99,4.99,4.99,0.0,4.99
78792,Caesar Salad with Salmon,6.99,6.99,6.99,6.99,6.99,6.99,6.99,0.0,6.99
78789,"Thick, Bold & Spicy Red Sauce",3.99,3.99,3.99,3.99,3.99,3.99,3.99,0.0,3.99
78780,Pumpkin & Spice Snickerdoodle Cookie Mix,3.99,3.99,3.99,3.99,3.99,3.99,3.99,0.0,3.99
78778,Crispy Oatmeal Cookies with Sea Salt,3.99,3.99,3.99,3.99,3.99,3.99,3.99,0.0,3.99
78750,Unexpected Cheddar Cheese & Turkey Sausage Egg White Bites,3.79,3.79,3.79,3.79,3.79,3.79,3.79,0.0,3.79
78733,Spanish Inspired Charcuteria,5.99,5.99,5.99,5.99,5.99,5.99,5.99,0.0,5.99
78717,European Grains & Seeds Bread,3.49,3.49,3.49,3.49,3.49,3.49,3.49,0.0,3.49
78684,70% Peruvian Cacao Dark Chocolate Bar,2.99,2.99,2.99,2.99,2.99,2.99,2.99,0.0,2.99
78680,Sweet Mustard Dill Sauce,1.99,1.99,1.99,1.99,1.99,1.99,1.99,0.0,1.99
78613,Greek YogurtHoney Made with Whole Milk,0.99,0.99,0.99,0.99,0.99,0.99,0.99,0.0,0.99
78597,Sugar Bee® Apple,1.29,1.29,1.29,1.29,1.29,1.29,1.29,0.0,1.29
78580,Coffee Bean Blast Ice Cream,4.99,4.99,4.99,4.99,4.99,4.99,4.99,0.0,4.99
78576,French Vanilla Ice Cream,4.79,4.79,4.79,4.79,4.79,4.79,4.79,0.0,4.79
78557,Thai Style Yellow Curry Sauce,3.49,3.49,3.49,3.49,3.49,3.49,3.49,0.0,3.49
78523,Spicy Farfalle Pasta with Italian Chicken Sausage,3.49,3.49,3.49,3.49,3.49,3.49,3.49,0.0,3.49
78498,Chile Crackers,2.99,2.99,2.99,2.99,2.99,2.99,2.99,0.0,2.99
78791,Pizza Sauce,1.99,1.99,1.99,1.99,1.99,1.99,1.99,0.0,1.99
78797,Double Fold Alcohol Free Bourbon Vanilla Flavoring,7.99,7.99,7.99,7.99,7.99,7.99,7.99,0.0,7.99
78977,Very Berry Granola,3.99,3.99,3.99,3.99,3.99,3.99,3.99,0.0,3.99
78799,Bourbon Vanilla Beans,2.99,2.99,2.99,2.99,2.99,2.99,2.99,0.0,2.99
78976,Honey Roasted Macadamia Nuts & Cashews,5.49,5.49,5.49,5.49,5.49,5.49,5.49,0.0,5.49
78975,Reusable Silcone Food Storage Bag Half Gallon,5.99,5.99,5.99,5.99,5.99,5.99,5.99,0.0,5.99
78961,Enchilada Sauce,4.49,4.49,4.49,4.49,4.49,4.49,4.49,0.0,4.49
78937,Spinach & Ricotta Raviolini,3.49,3.49,3.49,3.49,3.49,3.49,3.49,0.0,3.49
78936,Cacay Oil Body Butter,6.99,6.99,6.99,6.99,6.99,6.99,6.99,0.0,6.99
78928,Sea Salt Chocolate Chunk Cookies,4.99,4.99,4.99,4.99,4.99,4.99,4.99,0.0,4.99
78927,Gluten Free Oatmeal Coconut Cookies,4.99,4.99,4.99,4.99,4.99,4.99,4.99,0.0,4.99
78925,Gluten Free Chocolate Chunk Cookies,4.99,4.99,4.99,4.99,4.99,4.99,4.99,0.0,4.99
78900,Strained Thick & Creamy Greek Yogurt Plain,5.49,5.49,5.49,5.49,5.49,5.49,5.49,0.0,5.49
78881,Dark Chocolate Covered Pistachios,4.49,4.49,4.49,4.49,4.49,4.49,4.49,0.0,4.49
78876,Everything but the Kitchen Sink Cookie Mix,4.49,4.49,4.49,4.49,4.49,4.49,4.49,0.0,4.49
78841,Wild Nova Style Smoked Sockeye Salmon,13.99,13.99,13.99,13.99,13.99,13.99,13.99,0.0,13.99
78836,Gluten Free Cheese Pizza,5.49,5.49,5.49,5.49,5.49,5.49,5.49,0.0,5.49
78809,All Butter Apple Shortbread Cookies,3.79,3.79,3.79,3.79,3.79,3.79,3.79,0.0,3.79
78808,Sweet & Spicy Pecans,4.99,4.99,4.99,4.99,4.99,4.99,4.99,0.0,4.99
77291,Apricot Mango Greek Whole Milk Yogurt,0.99,0.99,0.99,0.99,0.99,0.99,0.99,0.0,0.99
77116,Soppressata Uncured Salami,5.99,5.99,5.99,5.99,5.99,5.99,5.99,0.0,5.99
77284,Organic Red Butter Lettuce,2.49,2.49,2.49,2.49,2.49,2.49,2.49,0.0,2.49
75747,Super Chocolatey Chocolate Chunk Cookie Dough,5.29,5.29,5.29,5.29,5.29,5.29,5.29,0.0,5.29
75721,Chicken Noodle Soup,2.99,2.99,2.99,2.99,2.99,2.99,2.99,0.0,2.99
75635,Fragrance-Free Body Butter,5.49,5.49,5.49,5.49,5.49,5.49,5.49,0.0,5.49
75629,Peanut Butter Chocolate Granola,3.99,3.99,3.99,3.99,3.99,3.99,3.99,0.0,3.99
75603,Fruits & Greens Smoothie Blend,3.99,3.99,3.99,3.99,3.99,3.99,3.99,0.0,3.99
75600,Calabrian Chili Spicy Pasta Sauce,4.99,4.99,4.99,4.99,4.99,4.99,4.99,0.0,4.99
75558,Whole Grain Waffles,2.69,2.69,2.69,2.69,2.69,2.69,2.69,0.0,2.69
75557,Breaded Cheddar Cheese Curds,4.99,4.99,4.99,4.99,4.99,4.99,4.99,0.0,4.99
75537,Guacasalsa,3.99,3.99,3.99,3.99,3.99,3.99,3.99,0.0,3.99
75530,Panzerotti Pizza Bites,3.99,3.99,3.99,3.99,3.99,3.99,3.99,0.0,3.99
75529,Oat Chocolate Bars with Crispy Rice & Cocoa Nibs,2.29,2.29,2.29,2.29,2.29,2.29,2.29,0.0,2.29
75514,Chocolate Almond Protein Smoothie Beverage,3.49,3.49,3.49,3.49,3.49,3.49,3.49,0.0,3.49
75508,Unscented Deodorant,4.99,4.99,4.99,4.99,4.99,4.99,4.99,0.0,4.99
75423,Organic Plain Cream Cheese Spread,3.49,3.49,3.49,3.49,3.49,3.49,3.49,0.0,3.49
75420,Chicken Breakfast Sausage Patties,2.99,2.99,2.99,2.99,2.99,2.99,2.99,0.0,2.99
75418,Organic Apricot Preserves,4.29,4.29,4.29,4.29,4.29,4.29,4.29,0.0,4.29
75743,Joe's Os Cereal Bars,2.99,2.99,2.99,2.99,2.99,2.99,2.99,0.0,2.99
75749,Coconut Chickpea Curry,2.49,2.49,2.49,2.49,2.49,2.49,2.49,0.0,2.49
75292,Coffee Panna Cotta,3.49,3.49,3.49,3.49,3.49,3.49,3.49,0.0,3.49
75750,Hair Oil,5.99,5.99,5.99,5.99,5.99,5.99,5.99,0.0,5.99
76021,Italian Tiramisu,5.49,5.49,5.49,5.49,5.49,5.49,5.49,0.0,5.49
76020,S'Mores Bars,4.99,4.99,4.99,4.99,4.99,4.99,4.99,0.0,4.99
76003,Crunchy Pops,2.49,2.49,2.49,2.49,2.49,2.49,2.49,0.0,2.49
75998,Japanese Soufflé Cheesecakes,3.49,3.49,3.49,3.49,3.49,3.49,3.49,0.0,3.49
75978,Green Olive Flats Italian Lingue Crackers,2.99,2.99,2.99,2.99,2.99,2.99,2.99,0.0,2.99
75960,Organic Conversation Olive Trio,3.49,3.49,3.49,3.49,3.49,3.49,3.49,0.0,3.49
75918,Rainbow's End Trail Mix Bars,0.99,0.99,0.99,0.99,0.99,0.99,0.99,0.0,0.99
75849,Super Chocolatey Gluten Free Chocolate Chunk Cookie Dough,5.49,5.49,5.49,5.49,5.49,5.49,5.49,0.0,5.49
75848,Crispy Potato & Poblano Pepper Tacos,4.99,4.99,4.99,4.99,4.99,4.99,4.99,0.0,4.99
75847,Prosciutto Wrapped Fresh Mozzarella Cheese,4.99,4.99,4.99,4.99,4.99,4.99,4.99,0.0,4.99
75822,Organic Coconut Crunchy Clusters,2.99,2.99,2.99,2.99,2.99,2.99,2.99,0.0,2.99
75821,Ginger Shrimp Lo Mein,5.99,5.99,5.99,5.99,5.99,5.99,5.99,0.0,5.99
75819,Double Chocolate Croissants,5.99,5.99,5.99,5.99,5.99,5.99,5.99,0.0,5.99
75767,Grilled Chicken Strips,8.99,8.99,8.99,8.99,8.99,8.99,8.99,0.0,8.99
75759,Spaghetti Carbonara,4.49,4.49,4.49,4.49,4.49,4.49,4.49,0.0,4.49
75410,Chile Lime Flavored Fried Pork Rinds,2.49,2.49,2.49,2.49,2.49,2.49,2.49,0.0,2.49
75283,Beef Bulgogi,11.99,11.99,11.99,11.99,11.99,11.99,11.99,0.0,11.99
76023,Kimbap,3.99,3.99,3.99,3.99,3.99,3.99,3.99,0.0,3.99
75001,Italian-Style Wedding Soup,4.99,4.99,4.99,4.99,4.99,4.99,4.99,0.0,4.99
74967,Hardwood Smoked Pulled Chicken,8.99,8.99,8.99,8.99,8.99,8.99,8.99,0.0,8.99
74961,BBQ Teriyaki Chicken,5.99,5.99,5.99,5.99,5.99,5.99,5.99,0.0,5.99
74956,"Here, Kitty Kitty! Cat Treats",2.99,2.99,2.99,2.99,2.99,2.99,2.99,0.0,2.99
74953,Double Cream Brie,8.49,8.49,8.49,8.49,8.49,8.49,8.49,0.0,8.49
74951,Shrimp Scampi,8.99,8.99,8.99,8.99,8.99,8.99,8.99,0.0,8.99
74911,Uncured Apple Smoked Bacon,6.49,6.49,6.49,6.49,6.49,6.49,6.49,0.0,6.49
74888,Chai Tea Mints,1.99,1.99,1.99,1.99,1.99,1.99,1.99,0.0,1.99
74887,Milk Chocolate Bar with Corn Flakes,3.29,3.29,3.29,3.29,3.29,3.29,3.29,0.0,3.29
74869,Mango Cream Bars,3.49,3.49,3.49,3.49,3.49,3.49,3.49,0.0,3.49
74814,Brazil Nut Body Scrub,5.99,5.99,5.99,5.99,5.99,5.99,5.99,0.0,5.99
74802,Unexpected Cheddar Cheese Spread,4.99,4.99,4.99,4.99,4.99,4.99,4.99,0.0,4.99
74781,BREAD CINNAMON RAISIN SLICED,4.99,4.99,4.99,4.99,4.99,4.99,4.99,0.0,4.99
74765,Roasted Turkey & Sweet Potato Burrito,4.79,4.79,4.79,4.79,4.79,4.79,4.79,0.0,4.79
74747,Flakes & Strawberries Cereal,2.99,2.99,2.99,2.99,2.99,2.99,2.99,0.0,2.99
74741,Dutch Griddle Cakes,3.49,3.49,3.49,3.49,3.49,3.49,3.49,0.0,3.49
74968,Hardwood Smoked Pulled Pork,8.99,8.99,8.99,8.99,8.99,8.99,8.99,0.0,8.99
75003,Herbes de Provence Potato Wedges,3.99,3.99,3.99,3.99,3.99,3.99,3.99,0.0,3.99
75270,Sweet Apple Chicken Sausage,4.29,4.29,4.29,4.29,4.29,4.29,4.29,0.0,4.29
75006,Olive Fougasse,3.49,3.49,3.49,3.49,3.49,3.49,3.49,0.0,3.49
75259,Organic Sri Lankan Curry & Rice,3.99,3.99,3.99,3.99,3.99,3.99,3.99,0.0,3.99
75255,Sri Lankan Organic Mango Chutney,2.99,2.99,2.99,2.99,2.99,2.99,2.99,0.0,2.99
75253,Organic Dried Ataulfo Mango Slices,4.99,4.99,4.99,4.99,4.99,4.99,4.99,0.0,4.99
75249,Spicy Meat Pizza,5.99,5.99,5.99,5.99,5.99,5.99,5.99,0.0,5.99
75234,Chiles Rellenos con Queso,5.99,5.99,5.99,5.99,5.99,5.99,5.99,0.0,5.99
75192,Eggplant Garlic Spread,3.29,3.29,3.29,3.29,3.29,3.29,3.29,0.0,3.29
75147,Organic Roasted Herbal Tea,3.99,3.99,3.99,3.99,3.99,3.99,3.99,0.0,3.99
75126,Mini Cheeseburgers,4.49,4.49,4.49,4.49,4.49,4.49,4.49,0.0,4.49
75094,Maple Spiced Nut Mix,6.49,6.49,6.49,6.49,6.49,6.49,6.49,0.0,6.49
75091,Reusable Sponge Cloths,3.99,3.99,3.99,3.99,3.99,3.99,3.99,0.0,3.99
75086,Icelandic Style Skyr Lowfat Raspberry Yogurt,1.19,1.19,1.19,1.19,1.19,1.19,1.19,0.0,1.19
75064,Passion Fruit Rounds,2.99,2.99,2.99,2.99,2.99,2.99,2.99,0.0,2.99
75062,Mini Chocolate Chip Croissant Swirls,3.99,3.99,3.99,3.99,3.99,3.99,3.99,0.0,3.99
75059,Slightly Coated Dark Chocolate Almonds,5.49,5.49,5.49,5.49,5.49,5.49,5.49,0.0,5.49
75054,Non-Dairy Oat Beverage Unsweetened Vanilla,3.99,3.99,3.99,3.99,3.99,3.99,3.99,0.0,3.99
76022,Garlic Gondolas,3.99,3.99,3.99,3.99,3.99,3.99,3.99,0.0,3.99
76028,Nothing But Sweet Potato Dog Treats,4.99,4.99,4.99,4.99,4.99,4.99,4.99,0.0,4.99
77247,Thai Peanut Satay Sauce,2.29,2.29,2.29,2.29,2.29,2.29,2.29,0.0,2.29
76905,Sliced Uncured Pepperoni,3.99,3.99,3.99,3.99,3.99,3.99,3.99,0.0,3.99
76868,Pulled Chicken Salsa Verde,8.99,8.99,8.99,8.99,8.99,8.99,8.99,0.0,8.99
76864,Gluten Free Blueberry Muffins,5.99,5.99,5.99,5.99,5.99,5.99,5.99,0.0,5.99
76863,Chicken & Bone Broth Recipe Dog Treats,3.99,3.99,3.99,3.99,3.99,3.99,3.99,0.0,3.99
76862,Bourbon Vanilla Bean Paste,4.99,4.99,4.99,4.99,4.99,4.99,4.99,0.0,4.99
76860,Pumpkin Body Scrub,6.99,6.99,6.99,6.99,6.99,6.99,6.99,0.0,6.99
76827,Sweet Ripe Plantains,2.49,2.49,2.49,2.49,2.49,2.49,2.49,0.0,2.49
76825,Mini Mochi Rice Nuggets,1.99,1.99,1.99,1.99,1.99,1.99,1.99,0.0,1.99
76820,Sensitivity + Whitening Peppermint Fluoride Toothpaste,3.99,3.99,3.99,3.99,3.99,3.99,3.99,0.0,3.99
76818,Peppermint Fluoride Free Toothpaste,3.99,3.99,3.99,3.99,3.99,3.99,3.99,0.0,3.99
76811,Kung Pao Brussels Sprouts,5.99,5.99,5.99,5.99,5.99,5.99,5.99,0.0,5.99
76810,Honey Hydration Day & Night Cream Duo,7.99,7.99,7.99,7.99,7.99,7.99,7.99,0.0,7.99
76763,Beef & Sweet Potato Recipe Stuffies Dog Treats,4.79,4.79,4.79,4.79,4.79,4.79,4.79,0.0,4.79
76757,Honeycrisp Apple Granola,3.99,3.99,3.99,3.99,3.99,3.99,3.99,0.0,3.99
76746,Brookie Caramel Candy Clusters,3.99,3.99,3.99,3.99,3.99,3.99,3.99,0.0,3.99
76721,Rice Vinegar,2.49,2.49,2.49,2.49,2.49,2.49,2.49,0.0,2.49
76884,Spicy Peanutty Noodle Bowl with Chicken,3.49,3.49,3.49,3.49,3.49,3.49,3.49,0.0,3.49
76907,Glazed Chocolate Donut Holes,3.49,3.49,3.49,3.49,3.49,3.49,3.49,0.0,3.49
76710,Organic Midnight Moo Chocolate Syrup,3.99,3.99,3.99,3.99,3.99,3.99,3.99,0.0,3.99
76921,Vanilla Lip Mask,5.99,5.99,5.99,5.99,5.99,5.99,5.99,0.0,5.99
77219,Organic Garlic Bread,3.99,3.99,3.99,3.99,3.99,3.99,3.99,0.0,3.99
77160,Gluten Free Baguette,4.99,4.99,4.99,4.99,4.99,4.99,4.99,0.0,4.99
77113,Non-Alcoholic Rosé Sparkling Tea,8.99,8.99,8.99,8.99,8.99,8.99,8.99,0.0,8.99
77112,Non-Alcoholic Blanc Sparkling Tea,8.99,8.99,8.99,8.99,8.99,8.99,8.99,0.0,8.99
77111,Crunchy Chili Onion Sprinkle Seasoning Blend,1.99,1.99,1.99,1.99,1.99,1.99,1.99,0.0,1.99
77107,Apple Cinnamon Buns,4.49,4.49,4.49,4.49,4.49,4.49,4.49,0.0,4.49
77104,Chocolate Cheesecake Bites,4.99,4.99,4.99,4.99,4.99,4.99,4.99,0.0,4.99
77102,Chao Tôm,5.49,5.49,5.49,5.49,5.49,5.49,5.49,0.0,5.49
77090,Okonomiyaki Japanese Vegetable Pancake,4.99,4.99,4.99,4.99,4.99,4.99,4.99,0.0,4.99
77077,Organic 100% Sicilian Lemon Juice,3.29,3.29,3.29,3.29,3.29,3.29,3.29,0.0,3.29
77076,Organic Peanut Butter & Cocoa Crunch,3.49,3.49,3.49,3.49,3.49,3.49,3.49,0.0,3.49
76968,Roasted Hatch Chile & Jalapeño Cheese Dip,4.99,4.99,4.99,4.99,4.99,4.99,4.99,0.0,4.99
76954,Non-Dairy Cinnamon Bun Oat Creamer,1.99,1.99,1.99,1.99,1.99,1.99,1.99,0.0,1.99
76951,Gluten Free Pumpkin Ravioli,4.49,4.49,4.49,4.49,4.49,4.49,4.49,0.0,4.49
76929,Crumbled Goat Cheese,2.99,2.99,2.99,2.99,2.99,2.99,2.99,0.0,2.99
76715,Pie Crusts,4.49,4.49,4.49,4.49,4.49,4.49,4.49,0.0,4.49
76705,Chicken Shawarma Bowl,3.99,3.99,3.99,3.99,3.99,3.99,3.99,0.0,3.99
76047,Brazil Nut Body Wash,5.99,5.99,5.99,5.99,5.99,5.99,5.99,0.0,5.99
76360,Handheld Chicken Pot Pies,4.49,4.49,4.49,4.49,4.49,4.49,4.49,0.0,4.49
76298,Garlic Shiitake Green Beans,2.99,2.99,2.99,2.99,2.99,2.99,2.99,0.0,2.99
76277,Crunchy Chili Onion Hummus,3.99,3.99,3.99,3.99,3.99,3.99,3.99,0.0,3.99
76262,Rosatella Pasta Sauce,3.99,3.99,3.99,3.99,3.99,3.99,3.99,0.0,3.99
76261,Cookies & Crème Pretzel Slims,3.49,3.49,3.49,3.49,3.49,3.49,3.49,0.0,3.49
76253,Organic Uncured Grass Fed Beef Hot Dogs,5.99,5.99,5.99,5.99,5.99,5.99,5.99,0.0,5.99
76226,Crispy Battered Calamari,5.49,5.49,5.49,5.49,5.49,5.49,5.49,0.0,5.49
76219,Mini Maple Flavored Marshmallows,2.99,2.99,2.99,2.99,2.99,2.99,2.99,0.0,2.99
76188,Brown Butter Salted Caramel Mini Biscotti,5.49,5.49,5.49,5.49,5.49,5.49,5.49,0.0,5.49
76125,Papas Rellenas,4.99,4.99,4.99,4.99,4.99,4.99,4.99,0.0,4.99
76120,Organic Fruit & Vegetable Wash,3.99,3.99,3.99,3.99,3.99,3.99,3.99,0.0,3.99
76117,Peppermint Multi-Purpose Castile Soap,5.99,5.99,5.99,5.99,5.99,5.99,5.99,0.0,5.99
76116,Spicy Honey Sauce,4.99,4.99,4.99,4.99,4.99,4.99,4.99,0.0,4.99
76087,Shrimp Noodle Rolls,3.99,3.99,3.99,3.99,3.99,3.99,3.99,0.0,3.99
76085,Mini Shrimp Bao,4.99,4.99,4.99,4.99,4.99,4.99,4.99,0.0,4.99
76054,Chile Seasoned Dried Mango,1.99,1.99,1.99,1.99,1.99,1.99,1.99,0.0,1.99
76317,Fresh Mozzarella Pearls,4.49,4.49,4.49,4.49,4.49,4.49,4.49,0.0,4.49
76369,Tiniest Chocolate Chip Cookies,3.99,3.99,3.99,3.99,3.99,3.99,3.99,0.0,3.99
76678,Salsa Verde Chicken Enchiladas,4.99,4.99,4.99,4.99,4.99,4.99,4.99,0.0,4.99
76371,Lobster Bisque,4.99,4.99,4.99,4.99,4.99,4.99,4.99,0.0,4.99
76675,Butternut Squash Italian Lasagna,4.79,4.79,4.79,4.79,4.79,4.79,4.79,0.0,4.79
76665,Double Fold Bourbon Vanilla Extract,7.99,7.99,7.99,7.99,7.99,7.99,7.99,0.0,7.99
76611,Maple Flavored Fudge,2.99,2.99,2.99,2.99,2.99,2.99,2.99,0.0,2.99
76605,Pumpkin Spice Mini Sheet Cake,5.99,5.99,5.99,5.99,5.99,5.99,5.99,0.0,5.99
76572,Chocolate Vanilla Creme Joe-Joe's,2.99,2.99,2.99,2.99,2.99,2.99,2.99,0.0,2.99
76571,Dark Chocolate Dipped French Butter Cookies,2.99,2.99,2.99,2.99,2.99,2.99,2.99,0.0,2.99
76570,Hold The Cone Tips,3.99,3.99,3.99,3.99,3.99,3.99,3.99,0.0,3.99
76569,Crispy Shiitake Mushrooms,4.99,4.99,4.99,4.99,4.99,4.99,4.99,0.0,4.99
76541,Teriyaki Mushroom Mini Bao Buns,4.99,4.99,4.99,4.99,4.99,4.99,4.99,0.0,4.99
76536,Calamari Pieces in Olive Oil,3.99,3.99,3.99,3.99,3.99,3.99,3.99,0.0,3.99
76535,Roti with Thai Red Curry,4.29,4.29,4.29,4.29,4.29,4.29,4.29,0.0,4.29
76472,Roasted Red Pepper Hummus,3.49,3.49,3.49,3.49,3.49,3.49,3.49,0.0,3.49
76471,Hydrating Biocellulose Face Mask,2.99,2.99,2.99,2.99,2.99,2.99,2.99,0.0,2.99
76439,Kosher Dill Pickle Chips,4.49,4.49,4.49,4.49,4.49,4.49,4.49,0.0,4.49
76395,Soft Pretzel Twists,3.49,3.49,3.49,3.49,3.49,3.49,3.49,0.0,3.49
79542,Olive Green Large Reusable Insulated Bag,8.99,8.99,8.99,8.99,8.99,8.99,8.99,0.0,8.99
79616,Pumpkin Loaf,4.99,4.99,4.99,4.99,4.99,4.99,4.99,0.0,4.99
79548,Yangnyeom Sauce,3.99,3.99,3.99,3.99,3.99,3.99,3.99,0.0,3.99
94404,Vegetable Pad Thai,3.49,3.49,3.49,3.49,3.49,3.49,3.49,0.0,3.49
94175,"Shaved Parmesan, Romano & Asiago Cheeses",3.49,3.49,3.49,3.49,3.49,3.49,3.49,0.0,3.49
94064,Dark Chocolate Peanut Butter Cups,5.99,5.99,5.99,5.99,5.99,5.99,5.99,0.0,5.99
93920,Pico de Gallo Salsa Mild,2.99,2.99,2.99,2.99,2.99,2.99,2.99,0.0,2.99
93909,Cinnamon Broom,4.99,4.99,4.99,4.99,4.99,4.99,4.99,0.0,4.99
93848,Shredded Pepper Jack Cheese Blend,3.99,3.99,3.99,3.99,3.99,3.99,3.99,0.0,3.99
93595,Traditional Style Fat Free Refried Beans,1.19,1.19,1.19,1.19,1.19,1.19,1.19,0.0,1.19
93474,Hass Avocado,1.29,1.29,1.29,1.29,1.29,1.29,1.29,0.0,1.29
93417,Battered Fish Nuggets,5.99,5.99,5.99,5.99,5.99,5.99,5.99,0.0,5.99
93249,Unbleached Enriched All-Purpose Flour,2.99,2.99,2.99,2.99,2.99,2.99,2.99,0.0,2.99
93184,The Dark Chocolate Lover's Chocolate Bar,2.49,2.49,2.49,2.49,2.49,2.49,2.49,0.0,2.49
93114,Medium Phalaenopsis Orchid in Ceramic,14.99,14.99,14.99,14.99,14.99,14.99,14.99,0.0,14.99
93089,Taco Seasoning Mix,0.99,0.99,0.99,0.99,0.99,0.99,0.99,0.0,0.99
92978,Organic Bread Crumbs,2.99,2.99,2.99,2.99,2.99,2.99,2.99,0.0,2.99
92966,Cranberry Chèvre Goat Cheese,5.99,5.99,5.99,5.99,5.99,5.99,5.99,0.0,5.99
92890,Meyer Lemon Cookie Thins,4.49,4.49,4.49,4.49,4.49,4.49,4.49,0.0,4.49
94280,Sweet Tea Beverage,4.99,4.99,4.99,4.99,4.99,4.99,4.99,0.0,4.99
94499,Organic English Cucumber,2.49,2.49,2.49,2.49,2.49,2.49,2.49,0.0,2.49
92805,Mint Chip Ice Cream,4.99,4.99,4.99,4.99,4.99,4.99,4.99,0.0,4.99
94506,10 Minute Farro,1.99,1.99,1.99,1.99,1.99,1.99,1.99,0.0,1.99
95281,Raisin Rosemary Crisps,3.99,3.99,3.99,3.99,3.99,3.99,3.99,0.0,3.99
95253,Pumpkin Ice Cream,4.99,4.99,4.99,4.99,4.99,4.99,4.99,0.0,4.99
95249,Baingan Bharta,3.49,3.49,3.49,3.49,3.49,3.49,3.49,0.0,3.49
95214,Fleur de Sel Caramel Sauce,3.99,3.99,3.99,3.99,3.99,3.99,3.99,0.0,3.99
95153,Kumato Brown Tomatoes,3.99,3.99,3.99,3.99,3.99,3.99,3.99,0.0,3.99
95115,Creamy Toscano Cheese Dusted with Cinnamon,11.99,11.99,11.99,11.99,11.99,11.99,11.99,0.0,11.99
95112,Family Style Meat Lasagna,7.49,7.49,7.49,7.49,7.49,7.49,7.49,0.0,7.49
95027,"Almonds, Chocolate & Cashews Trek Mix ",5.99,5.99,5.99,5.99,5.99,5.99,5.99,0.0,5.99
95003,Sunscreen Spray SPF 50+,5.99,5.99,5.99,5.99,5.99,5.99,5.99,0.0,5.99
94889,Golden Rounds Crackers,2.99,2.99,2.99,2.99,2.99,2.99,2.99,0.0,2.99
94769,Hashbrowns,2.99,2.99,2.99,2.99,2.99,2.99,2.99,0.0,2.99
94662,Frosted Flakes Cereal,2.49,2.49,2.49,2.49,2.49,2.49,2.49,0.0,2.49
94599,Everything but the Bagel Seasoned Crackers,2.99,2.99,2.99,2.99,2.99,2.99,2.99,0.0,2.99
94583,Organic Blue Corn Tortilla Chips,3.99,3.99,3.99,3.99,3.99,3.99,3.99,0.0,3.99
94535,Toscano Cheese with Black Pepper,11.99,11.99,11.99,11.99,11.99,11.99,11.99,0.0,11.99
92835,Pearled Couscous,1.99,1.99,1.99,1.99,1.99,1.99,1.99,0.0,1.99
92752,Crunchy Curls,2.99,2.99,2.99,2.99,2.99,2.99,2.99,0.0,2.99
86450,Greek Nonfat Yogurt Plain,2.99,2.99,2.99,2.99,2.99,2.99,2.99,0.0,2.99
90859,Chicken Broth Concentrate,3.99,3.99,3.99,3.99,3.99,3.99,3.99,0.0,3.99
90748,Finely Shredded Lite Mexican Style Cheese Blend,3.99,3.99,3.99,3.99,3.99,3.99,3.99,0.0,3.99
90741,Mirepoix,3.49,3.49,3.49,3.49,3.49,3.49,3.49,0.0,3.49
90725,Organic Dark Chocolate Bar with Almonds,2.69,2.69,2.69,2.69,2.69,2.69,2.69,0.0,2.69
90701,Pita Bite Crackers,2.99,2.99,2.99,2.99,2.99,2.99,2.99,0.0,2.99
90642,Mediterranean Style Hummus,4.29,4.29,4.29,4.29,4.29,4.29,4.29,0.0,4.29
90538,Mushroom & Black Truffle Flatbread,5.49,5.49,5.49,5.49,5.49,5.49,5.49,0.0,5.49
90460,BBQ Chicken Pizza,5.49,5.49,5.49,5.49,5.49,5.49,5.49,0.0,5.49
90083,Roasted & Salted Rosemary Marcona Almonds,5.99,5.99,5.99,5.99,5.99,5.99,5.99,0.0,5.99
88649,Italian Truffle Cheese,13.99,13.99,13.99,13.99,13.99,13.99,13.99,0.0,13.99
88544,Chevre with Fine Herbs,3.29,3.29,3.29,3.29,3.29,3.29,3.29,0.0,3.29
87785,Strawberry Preserves made with Fresh Strawberries,3.99,3.99,3.99,3.99,3.99,3.99,3.99,0.0,3.99
87777,Pretzel Slims,2.49,2.49,2.49,2.49,2.49,2.49,2.49,0.0,2.49
87175,Cotswold Double Gloucester Cheese,10.99,10.99,10.99,10.99,10.99,10.99,10.99,0.0,10.99
86861,Uncured Pastrami,6.99,6.99,6.99,6.99,6.99,6.99,6.99,0.0,6.99
86610,Parmigiano Reggiano Stravecchio,17.99,17.99,17.99,17.99,17.99,17.99,17.99,0.0,17.99
90809,Korean Style Beef Short Ribs,14.99,14.99,14.99,14.99,14.99,14.99,14.99,0.0,14.99
90874,Apple Blossoms,2.49,2.49,2.49,2.49,2.49,2.49,2.49,0.0,2.49
92558,Organic Ground Beef 85/15,8.99,8.99,8.99,8.99,8.99,8.99,8.99,0.0,8.99
90987,Sublime Ice Cream Sandwiches,4.99,4.99,4.99,4.99,4.99,4.99,4.99,0.0,4.99
92482,Organic Corn Chip Dippers,2.79,2.79,2.79,2.79,2.79,2.79,2.79,0.0,2.79
92463,Soy Chorizo,2.99,2.99,2.99,2.99,2.99,2.99,2.99,0.0,2.99
92427,Garlic Indian Style Flatbread,3.99,3.99,3.99,3.99,3.99,3.99,3.99,0.0,3.99
92331,Organic Corn Flakes Cereal,2.79,2.79,2.79,2.79,2.79,2.79,2.79,0.0,2.79
92267,Everything Bagels,2.99,2.99,2.99,2.99,2.99,2.99,2.99,0.0,2.99
92157,Sweet Potato Fries,2.49,2.49,2.49,2.49,2.49,2.49,2.49,0.0,2.49
92071,Freeze Dried Unsweetened Banana Slices,3.29,3.29,3.29,3.29,3.29,3.29,3.29,0.0,3.29
91769,Spaghetti Squash,2.99,2.99,2.99,2.99,2.99,2.99,2.99,0.0,2.99
91749,Ridge Cut Potato Chips with Sea Salt,3.99,3.99,3.99,3.99,3.99,3.99,3.99,0.0,3.99
91708,Uncured Turkey Bacon,3.99,3.99,3.99,3.99,3.99,3.99,3.99,0.0,3.99
91113,Sweet Chili Sauce,1.79,1.79,1.79,1.79,1.79,1.79,1.79,0.0,1.79
91087,4 Chocolate Croissants,5.99,5.99,5.99,5.99,5.99,5.99,5.99,0.0,5.99
91072,Organic Kosher Sandwich Pickles,3.99,3.99,3.99,3.99,3.99,3.99,3.99,0.0,3.99
91053,Pita Chips,2.49,2.49,2.49,2.49,2.49,2.49,2.49,0.0,2.49
91030,Trimmed Leeks,2.99,2.99,2.99,2.99,2.99,2.99,2.99,0.0,2.99
95341,Gone Bananas!,2.69,2.69,2.69,2.69,2.69,2.69,2.69,0.0,2.69
95409,Pumpkin Cheesecake,8.99,8.99,8.99,8.99,8.99,8.99,8.99,0.0,8.99
95426,Sharp Cheddar Cheese Cracker Cuts,3.99,3.99,3.99,3.99,3.99,3.99,3.99,0.0,3.99
99264,Organic Free Range Chicken Drumsticks,2.99,2.99,2.99,2.99,2.99,2.99,2.99,0.0,2.99
99131,Super Soft Bath Tissue,3.99,3.99,3.99,3.99,3.99,3.99,3.99,0.0,3.99
99125,Organic 3 Grain Tempeh,2.49,2.49,2.49,2.49,2.49,2.49,2.49,0.0,2.49
99085,Chicken Cilantro Mini Wontons,3.49,3.49,3.49,3.49,3.49,3.49,3.49,0.0,3.49
99069,Organic Diced & Fire Roasted Tomatoes with Green Chiles,1.99,1.99,1.99,1.99,1.99,1.99,1.99,0.0,1.99
99032,Butter Chicken with Basmati Rice,4.49,4.49,4.49,4.49,4.49,4.49,4.49,0.0,4.49
98861,Sliced Prosciutto,4.29,4.29,4.29,4.29,4.29,4.29,4.29,0.0,4.29
98741,Soft & Juicy Mango,2.49,2.49,2.49,2.49,2.49,2.49,2.49,0.0,2.49
98726,Assorted Mum Plants,7.99,7.99,7.99,7.99,7.99,7.99,7.99,0.0,7.99
98671,Burrata,4.99,4.99,4.99,4.99,4.99,4.99,4.99,0.0,4.99
98652,World's Puffiest Sour Cream & Onion Corn Puffs,2.69,2.69,2.69,2.69,2.69,2.69,2.69,0.0,2.69
98648,Sun-Dried Tomato & Basil Chicken Tenders,7.49,7.49,7.49,7.49,7.49,7.49,7.49,0.0,7.49
98551,Organic Low Sodium Vegetable Broth,1.99,1.99,1.99,1.99,1.99,1.99,1.99,0.0,1.99
98333,Blondie Bar Baking Mix,3.99,3.99,3.99,3.99,3.99,3.99,3.99,0.0,3.99
98293,Mashed Sweet Potatoes,2.99,2.99,2.99,2.99,2.99,2.99,2.99,0.0,2.99
98265,4 Almond Croissants,5.99,5.99,5.99,5.99,5.99,5.99,5.99,0.0,5.99
99142,Chicken Tikka Masala,4.49,4.49,4.49,4.49,4.49,4.49,4.49,0.0,4.49
99272,Parmesan Pastry Pups,4.99,4.99,4.99,4.99,4.99,4.99,4.99,0.0,4.99
95447,Pecan Pumpkin Oatmeal,3.79,3.79,3.79,3.79,3.79,3.79,3.79,0.0,3.79
99343,Whole Grain Dijon Mustard,1.99,1.99,1.99,1.99,1.99,1.99,1.99,0.0,1.99
181308,Spindrift Island Punch Sparkling Water,7.49,7.49,7.49,7.49,7.49,7.49,7.49,0.0,7.49
177918,Organic Fruit Punch Juice Beverage,3.99,3.99,3.99,3.99,3.99,3.99,3.99,0.0,3.99
177916,Organic Apple Juice Beverage,3.99,3.99,3.99,3.99,3.99,3.99,3.99,0.0,3.99
176084,Organic Chocolate Chip Baked Whole Grain Bar,4.69,4.69,4.69,4.69,4.69,4.69,4.69,0.0,4.69
176082,Organic Iced Oatmeal Baked Whole Grain Bar,4.69,4.69,4.69,4.69,4.69,4.69,4.69,0.0,4.69
175918,Rainbow's End Trail Mix Bars,4.99,4.99,4.99,4.99,4.99,4.99,4.99,0.0,4.99
174345,Brewed Ginger Beer,4.49,4.49,4.49,4.49,4.49,4.49,4.49,0.0,4.49
173292,Sparkling White Tea with Pomegranate Juice,3.99,3.99,3.99,3.99,3.99,3.99,3.99,0.0,3.99
170308,Sparkling Green Tea with Pineapple,3.99,3.99,3.99,3.99,3.99,3.99,3.99,0.0,3.99
168349,Sparkling Black Tea with Peach Juice Beverage,3.99,3.99,3.99,3.99,3.99,3.99,3.99,0.0,3.99
166061,Organic Avocados 4 count,4.99,4.99,4.99,4.99,4.99,4.99,4.99,0.0,4.99
163261,Sparkling Coconut Water with Yuzu,3.99,3.99,3.99,3.99,3.99,3.99,3.99,0.0,3.99
112550,Avocados 4 count,3.99,3.99,3.99,3.99,3.99,3.99,3.99,0.0,3.99
99438,Gourmet Jelly Beans,2.79,2.79,2.79,2.79,2.79,2.79,2.79,0.0,2.79
99425,Dark Chocolate Covered Powerberries,4.99,4.99,4.99,4.99,4.99,4.99,4.99,0.0,4.99
98082,Organic Tuscan Kale,2.79,2.79,2.79,2.79,2.79,2.79,2.79,0.0,2.79
97926,Greek Yogurt with Honey,5.49,5.49,5.49,5.49,5.49,5.49,5.49,0.0,5.49
97915,Reduced Guilt Spinach & Kale Greek Yogurt Dip,4.49,4.49,4.49,4.49,4.49,4.49,4.49,0.0,4.49
97908,Japanese Style Fried Rice,3.99,3.99,3.99,3.99,3.99,3.99,3.99,0.0,3.99
96766,Premium Salmon Burgers,7.99,7.99,7.99,7.99,7.99,7.99,7.99,0.0,7.99
96761,Speculoos Cookie Butter,3.99,3.99,3.99,3.99,3.99,3.99,3.99,0.0,3.99
96695,Ode to the Classic Potato Chip,2.99,2.99,2.99,2.99,2.99,2.99,2.99,0.0,2.99
96689,Organic Tricolor Quinoa,3.49,3.49,3.49,3.49,3.49,3.49,3.49,0.0,3.49
96632,Cinnamon Whisk,1.29,1.29,1.29,1.29,1.29,1.29,1.29,0.0,1.29
96399,Ciabatta Demi-Baguette,1.29,1.29,1.29,1.29,1.29,1.29,1.29,0.0,1.29
96398,Ciabatta Baguette,1.99,1.99,1.99,1.99,1.99,1.99,1.99,0.0,1.99
96159,Habanero Hot Sauce,2.99,2.99,2.99,2.99,2.99,2.99,2.99,0.0,2.99
96070,Organic Virgin Coconut Oil,4.99,4.99,4.99,4.99,4.99,4.99,4.99,0.0,4.99
96032,Double Cream Gouda Cheese,9.99,9.99,9.99,9.99,9.99,9.99,9.99,0.0,9.99
95764,Rolled Oats,3.99,3.99,3.99,3.99,3.99,3.99,3.99,0.0,3.99
95732,Greek Nonfat Yogurt Plain,5.49,5.49,5.49,5.49,5.49,5.49,5.49,0.0,5.49
95585,Lil' Tiger Stripe Pumpkin,1.49,1.49,1.49,1.49,1.49,1.49,1.49,0.0,1.49
95582,Autumn Mixed Pumpkins,8.99,8.99,8.99,8.99,8.99,8.99,8.99,0.0,8.99
95552,Cheddar & Gruyere Mèlange Cheese,7.99,7.99,7.99,7.99,7.99,7.99,7.99,0.0,7.99
96844,Freeze Dried Raspberries,3.99,3.99,3.99,3.99,3.99,3.99,3.99,0.0,3.99
96890,"Peaches & Cream, Mango & Cream Yogurt Cups",3.99,3.99,3.99,3.99,3.99,3.99,3.99,0.0,3.99
96923,Unexpected Cheddar Cheese,3.99,3.99,3.99,3.99,3.99,3.99,3.99,0.0,3.99
97236,Organic Chicken Grill Pack,3.99,3.99,3.99,3.99,3.99,3.99,3.99,0.0,3.99
97897,Chicken-less Mandarin Orange Morsels,3.99,3.99,3.99,3.99,3.99,3.99,3.99,0.0,3.99
97892,Glaze,2.99,2.99,2.99,2.99,2.99,2.99,2.99,0.0,2.99
97706,Kung Pao Chicken,5.99,5.99,5.99,5.99,5.99,5.99,5.99,0.0,5.99
97581,Pumpkin Recipe Dog Treats,4.29,4.29,4.29,4.29,4.29,4.29,4.29,0.0,4.29
97438,Ciabatta Rolls,1.99,1.99,1.99,1.99,1.99,1.99,1.99,0.0,1.99
97274,1000 Day Gouda Cheese,12.99,12.99,12.99,12.99,12.99,12.99,12.99,0.0,12.99
97232,Five Seed Almond Bars,5.49,5.49,5.49,5.49,5.49,5.49,5.49,0.0,5.49
96937,Turkey Burgers,3.79,3.79,3.79,3.79,3.79,3.79,3.79,0.0,3.79
97226,Quinoa and Black Bean infused Tortilla Chips,3.49,3.49,3.49,3.49,3.49,3.49,3.49,0.0,3.49
97210,Fair Trade Turbinado Raw Cane Sugar,3.49,3.49,3.49,3.49,3.49,3.49,3.49,0.0,3.49
97208,Plantain Chips,1.99,1.99,1.99,1.99,1.99,1.99,1.99,0.0,1.99
97136,Mediterranean Hummus Snack Pack with Pita Chips,2.99,2.99,2.99,2.99,2.99,2.99,2.99,0.0,2.99
97089,Raclette Sliced Cheese,6.99,6.99,6.99,6.99,6.99,6.99,6.99,0.0,6.99
96969,Shredded Potato Hash Browns,2.49,2.49,2.49,2.49,2.49,2.49,2.49,0.0,2.49
86453,Greek Lowfat Yogurt Plain,2.99,2.99,2.99,2.99,2.99,2.99,2.99,0.0,2.99
85218,Banana Bread Mix,2.99,2.99,2.99,2.99,2.99,2.99,2.99,0.0,2.99
79569,Red Leicester Cheese,4.99,4.99,4.99,4.99,4.99,4.99,4.99,0.0,4.99
80527,Meatball Calzone,6.99,6.99,6.99,6.99,6.99,6.99,6.99,0.0,6.99
80452,Sunscreen Lip Balm SPF 30,2.99,2.99,2.99,2.99,2.99,2.99,2.99,0.0,2.99
80436,Organic Black Pepper Barilotti Pasta,2.99,2.99,2.99,2.99,2.99,2.99,2.99,0.0,2.99
80421,Mini Pretzel Twists,2.69,2.69,2.69,2.69,2.69,2.69,2.69,0.0,2.69
80359,Night Cream,9.99,9.99,9.99,9.99,9.99,9.99,9.99,0.0,9.99
80349,Hot Honey Fudge,2.99,2.99,2.99,2.99,2.99,2.99,2.99,0.0,2.99
80342,Sliced Bresaola Uncured Beef Prosciutto,6.99,6.99,6.99,6.99,6.99,6.99,6.99,0.0,6.99
80337,Creamy Dreamy Hummus,2.49,2.49,2.49,2.49,2.49,2.49,2.49,0.0,2.49
80233,Cold Brew Coffee,3.29,3.29,3.29,3.29,3.29,3.29,3.29,0.0,3.29
80152,Hot Honey Mustard Dressing,3.99,3.99,3.99,3.99,3.99,3.99,3.99,0.0,3.99
80125,Pizza Ranch Salad Kit,3.99,3.99,3.99,3.99,3.99,3.99,3.99,0.0,3.99
80072,Fruit Jellies Candy,1.99,1.99,1.99,1.99,1.99,1.99,1.99,0.0,1.99
80035,Thai Style Peanut Dressing,3.99,3.99,3.99,3.99,3.99,3.99,3.99,0.0,3.99
79959,Sandwich Starters,3.49,3.49,3.49,3.49,3.49,3.49,3.49,0.0,3.49
79955,Caesar Salad Dip,3.69,3.69,3.69,3.69,3.69,3.69,3.69,0.0,3.69
79910,Organic Grass Fed Top Sirloin Steak,8.99,8.99,8.99,8.99,8.99,8.99,8.99,0.0,8.99
80463,Brie Cheese Flavored Spread,3.49,3.49,3.49,3.49,3.49,3.49,3.49,0.0,3.49
80584,"Beef, Bean & Cheese Burrito",4.49,4.49,4.49,4.49,4.49,4.49,4.49,0.0,4.49
79900,Sliced Shiitake Mushrooms,3.49,3.49,3.49,3.49,3.49,3.49,3.49,0.0,3.49
80590,Organic Silken Tofu,2.49,2.49,2.49,2.49,2.49,2.49,2.49,0.0,2.49
80893,Carnival Fun Cake Fries,4.99,4.99,4.99,4.99,4.99,4.99,4.99,0.0,4.99
80887,Peony Scented Bath Fizzer,4.99,4.99,4.99,4.99,4.99,4.99,4.99,0.0,4.99
80886,Invisible Gel Body Sunscreen SPF 40,12.99,12.99,12.99,12.99,12.99,12.99,12.99,0.0,12.99
80885,Daily Facial Mineral Sunscreen SPF 40,12.99,12.99,12.99,12.99,12.99,12.99,12.99,0.0,12.99
80876,Antipasto Stick Prosciutto Wrapped Mozzarella Cheese,1.99,1.99,1.99,1.99,1.99,1.99,1.99,0.0,1.99
80825,Organic Sweet Cream Creamer,2.99,2.99,2.99,2.99,2.99,2.99,2.99,0.0,2.99
80796,Watermelon Freeze Dried Candies,3.99,3.99,3.99,3.99,3.99,3.99,3.99,0.0,3.99
80795,Crunchy Sesame Sunflower Seeds Pepitas Salsa Macha,4.49,4.49,4.49,4.49,4.49,4.49,4.49,0.0,4.49
80742,Yellow Mini Sheet Cake,5.99,5.99,5.99,5.99,5.99,5.99,5.99,0.0,5.99
80716,Cinnamon Buns,5.99,5.99,5.99,5.99,5.99,5.99,5.99,0.0,5.99
80679,Mimolette Cheese,7.49,7.49,7.49,7.49,7.49,7.49,7.49,0.0,7.49
80665,Freeze Dried Strawberries,2.99,2.99,2.99,2.99,2.99,2.99,2.99,0.0,2.99
80626,Organic Baby Red Butter Lettuce & Baby Arugula,2.49,2.49,2.49,2.49,2.49,2.49,2.49,0.0,2.49
80602,Risotto Semplice,3.99,3.99,3.99,3.99,3.99,3.99,3.99,0.0,3.99
80600,Kettle Cooked Rosemary & Sea Salt Potato Chips,2.99,2.99,2.99,2.99,2.99,2.99,2.99,0.0,2.99
79901,Olive Tapenade Hummus,3.49,3.49,3.49,3.49,3.49,3.49,3.49,0.0,3.49
79898,Uncured Pepperoni Pizza,5.99,5.99,5.99,5.99,5.99,5.99,5.99,0.0,5.99
83579,Classic Greek Salad,3.49,3.49,3.49,3.49,3.49,3.49,3.49,0.0,3.49
79720,Caramelized Onion & Bell Pepper Turkey Patties,6.99,6.99,6.99,6.99,6.99,6.99,6.99,0.0,6.99
79717,Organic Polenta,1.99,1.99,1.99,1.99,1.99,1.99,1.99,0.0,1.99
79715,Bourbon Vanilla Bean Syrup,4.49,4.49,4.49,4.49,4.49,4.49,4.49,0.0,4.49
79712,White Phalaenopsis Orchid in Ceramic,14.99,14.99,14.99,14.99,14.99,14.99,14.99,0.0,14.99
79708,Sourdough Boules,2.99,2.99,2.99,2.99,2.99,2.99,2.99,0.0,2.99
79689,Chicken Chile Verde Burritos,3.99,3.99,3.99,3.99,3.99,3.99,3.99,0.0,3.99
79681,Sliced Provolone Cheese,4.99,4.99,4.99,4.99,4.99,4.99,4.99,0.0,4.99
79675,Chicken Uncured Bacon Ranch Dip,4.99,4.99,4.99,4.99,4.99,4.99,4.99,0.0,4.99
79658,Strawberries & Cream Cloud Cake,6.49,6.49,6.49,6.49,6.49,6.49,6.49,0.0,6.49
79654,Gluten Free Cranberry Raisin Toasts,4.99,4.99,4.99,4.99,4.99,4.99,4.99,0.0,4.99
79652,Parsley Crackers,1.49,1.49,1.49,1.49,1.49,1.49,1.49,0.0,1.49
79628,Instant Jeju Matcha Latte Packets,4.99,4.99,4.99,4.99,4.99,4.99,4.99,0.0,4.99
74669,Harvest Chocolate Collection,5.49,5.49,5.49,5.49,5.49,5.49,5.49,0.0,5.49
79614,Corn and Chile Tomato-less Salsa,3.49,3.49,3.49,3.49,3.49,3.49,3.49,0.0,3.49
79601,Elevated Nut Mix,5.99,5.99,5.99,5.99,5.99,5.99,5.99,0.0,5.99
79580,"Angus Chuck, Brisket & Sirloin Beef Patties",11.99,11.99,11.99,11.99,11.99,11.99,11.99,0.0,11.99
79718,Cinnamon Sugar Cashews,5.99,5.99,5.99,5.99,5.99,5.99,5.99,0.0,5.99
79722,Pink Lady Apple Chips,2.29,2.29,2.29,2.29,2.29,2.29,2.29,0.0,2.29
79863,Chicken Mole,6.99,6.99,6.99,6.99,6.99,6.99,6.99,0.0,6.99
79723,Chocolate Coffee Flavored Granola,3.99,3.99,3.99,3.99,3.99,3.99,3.99,0.0,3.99
79858,Feta Cheese,3.79,3.79,3.79,3.79,3.79,3.79,3.79,0.0,3.79
79824,Furikake Snack Mix,3.99,3.99,3.99,3.99,3.99,3.99,3.99,0.0,3.99
79820,White Queso Dip,3.99,3.99,3.99,3.99,3.99,3.99,3.99,0.0,3.99
79817,Garlic Butter Irish Potato Chips,2.99,2.99,2.99,2.99,2.99,2.99,2.99,0.0,2.99
79789,Chocolate & Peanut Butter Lover's Nut Mix,5.49,5.49,5.49,5.49,5.49,5.49,5.49,0.0,5.49
79788,Mini Cinnamon Sugar Cookies,0.99,0.99,0.99,0.99,0.99,0.99,0.99,0.0,0.99
79785,Organic Grass Fed Tenderloin Steak,24.99,24.99,24.99,24.99,24.99,24.99,24.99,0.0,24.99
79783,Organic Grass Fed NY Strip Steak Boneless,13.99,13.99,13.99,13.99,13.99,13.99,13.99,0.0,13.99
79782,Organic Grass Fed Ribeye Steak Boneless,14.99,14.99,14.99,14.99,14.99,14.99,14.99,0.0,14.99
79753,Caro Sugo Italian Tomato Basil Pasta Sauce,4.99,4.99,4.99,4.99,4.99,4.99,4.99,0.0,4.99
79747,Wheat Crisp Crackers,2.49,2.49,2.49,2.49,2.49,2.49,2.49,0.0,2.49
79744,Strawberry Hold the Cone! Mini Ice Cream Cones,3.99,3.99,3.99,3.99,3.99,3.99,3.99,0.0,3.99
79742,Crustless Peanut Butter & Strawberry Jam Sandwiches,3.79,3.79,3.79,3.79,3.79,3.79,3.79,0.0,3.79
79732,Korean Japchae Fried Rice,3.99,3.99,3.99,3.99,3.99,3.99,3.99,0.0,3.99
79727,Crispy Chicken Chips Dog Treats,4.99,4.99,4.99,4.99,4.99,4.99,4.99,0.0,4.99
80927,Buffalo Ranch Popcorn,2.99,2.99,2.99,2.99,2.99,2.99,2.99,0.0,2.99
80933,Big Bunch Chrysanthemum,4.99,4.99,4.99,4.99,4.99,4.99,4.99,0.0,4.99
80939,Cinnamon Swirl Bread Sliced,4.99,4.99,4.99,4.99,4.99,4.99,4.99,0.0,4.99
81865,Turkish Inspired Stuffed Eggplant,7.99,7.99,7.99,7.99,7.99,7.99,7.99,0.0,7.99
81863,Sliced Peppered Uncured Salami,6.99,6.99,6.99,6.99,6.99,6.99,6.99,0.0,6.99
81840,Loaded Mashed Potatoes,5.99,5.99,5.99,5.99,5.99,5.99,5.99,0.0,5.99
81837,Fiesta Salad with Shrimp,6.99,6.99,6.99,6.99,6.99,6.99,6.99,0.0,6.99
81809,Just The Clusters Maple Pecan Granola Cereal,3.79,3.79,3.79,3.79,3.79,3.79,3.79,0.0,3.79
81792,Unexpected Broccoli Cheddar Soup,4.99,4.99,4.99,4.99,4.99,4.99,4.99,0.0,4.99
81786,Harvest Vegetable Hash Egg White Bites,3.79,3.79,3.79,3.79,3.79,3.79,3.79,0.0,3.79
81781,Pumpkins Sugar Cookie Dough,3.99,3.99,3.99,3.99,3.99,3.99,3.99,0.0,3.99
81774,Butternut Squash Risotto,4.49,4.49,4.49,4.49,4.49,4.49,4.49,0.0,4.49
81751,Spicy & Sweet Creamy Pepper Dip,3.99,3.99,3.99,3.99,3.99,3.99,3.99,0.0,3.99
81732,Strawberry Ice Cream,3.79,3.79,3.79,3.79,3.79,3.79,3.79,0.0,3.79
81727,Cookies 'N Cream Ice Cream Sandwiches,4.99,4.99,4.99,4.99,4.99,4.99,4.99,0.0,4.99
81723,Maple Brown Butter Almonds,3.99,3.99,3.99,3.99,3.99,3.99,3.99,0.0,3.99
81698,Apple Pie Spread,3.99,3.99,3.99,3.99,3.99,3.99,3.99,0.0,3.99
81679,Pumpkin & Spice Brioche Style Liège Waffles,4.49,4.49,4.49,4.49,4.49,4.49,4.49,0.0,4.49
81675,Honey Hydration Face Mask,7.99,7.99,7.99,7.99,7.99,7.99,7.99,0.0,7.99
81864,Sliced Calabrese Uncrued Salami,3.49,3.49,3.49,3.49,3.49,3.49,3.49,0.0,3.49
81936,Cinnamon Roll Flavored Lip Mask,5.99,5.99,5.99,5.99,5.99,5.99,5.99,0.0,5.99
80948,Chocolate Whipped Light Cream,4.49,4.49,4.49,4.49,4.49,4.49,4.49,0.0,4.49
82025,Freeze Dried Strawberry Pieces,4.99,4.99,4.99,4.99,4.99,4.99,4.99,0.0,4.99
83417,Old Wisconsin Beef Summer Sausage,4.99,4.99,4.99,4.99,4.99,4.99,4.99,0.0,4.99
83177,Steel Cut Oatmeal,2.29,2.29,2.29,2.29,2.29,2.29,2.29,0.0,2.29
83089,High Protein Organic Tofu,2.79,2.79,2.79,2.79,2.79,2.79,2.79,0.0,2.79
82986,Light-Up Cemetarium,10.99,10.99,10.99,10.99,10.99,10.99,10.99,0.0,10.99
82761,Honeydew Cold Pressed Juice,3.49,3.49,3.49,3.49,3.49,3.49,3.49,0.0,3.49
82602,Cocoa Truffles with Maple Sugar,4.49,4.49,4.49,4.49,4.49,4.49,4.49,0.0,4.49
82433,Tropical Smoothie Blend,3.99,3.99,3.99,3.99,3.99,3.99,3.99,0.0,3.99
82338,Finely Shredded Mexican Style Cheese Blend,3.99,3.99,3.99,3.99,3.99,3.99,3.99,0.0,3.99
82331,Lemony Chicken Orzo Soup,4.99,4.99,4.99,4.99,4.99,4.99,4.99,0.0,4.99
82298,Jack of All Flavors,7.99,7.99,7.99,7.99,7.99,7.99,7.99,0.0,7.99
82279,Creamy Mac & Cheese,4.99,4.99,4.99,4.99,4.99,4.99,4.99,0.0,4.99
82122,Hazelnut & Cocoa Filled Crepes,3.99,3.99,3.99,3.99,3.99,3.99,3.99,0.0,3.99
82077,Mango Pineapple Pico de Gallo Salsa,3.99,3.99,3.99,3.99,3.99,3.99,3.99,0.0,3.99
82044,Vanilla Bean Whipped Sweet Potatoes,5.99,5.99,5.99,5.99,5.99,5.99,5.99,0.0,5.99
82031,Korean Style Bibim-Guksu,4.99,4.99,4.99,4.99,4.99,4.99,4.99,0.0,4.99
81672,Maple and Sweet Potato Flavored Sandwich Cookies for Dogs,2.99,2.99,2.99,2.99,2.99,2.99,2.99,0.0,2.99
81671,Salted Maple Cold Foam Creamer,4.49,4.49,4.49,4.49,4.49,4.49,4.49,0.0,4.49
81651,Buffalo Blue Unexpected Cheddar Cheese Spread,4.99,4.99,4.99,4.99,4.99,4.99,4.99,0.0,4.99
81613,Goat Cheese & Caramelized Onion Ravioli,3.99,3.99,3.99,3.99,3.99,3.99,3.99,0.0,3.99
81212,Berry Glow Body Set,12.99,12.99,12.99,12.99,12.99,12.99,12.99,0.0,12.99
81188,Whipt™ Plant Based Dairy Free Whipped Coconut,3.99,3.99,3.99,3.99,3.99,3.99,3.99,0.0,3.99
81173,3 Cheese Pasta with Eggplant,4.49,4.49,4.49,4.49,4.49,4.49,4.49,0.0,4.49
81133,Simit Turkish Sesame Bread,3.49,3.49,3.49,3.49,3.49,3.49,3.49,0.0,3.49
81085,Shredded Mozzarella Cheese,4.49,4.49,4.49,4.49,4.49,4.49,4.49,0.0,4.49
81067,Spicy Mango Habanero Guacamole,3.49,3.49,3.49,3.49,3.49,3.49,3.49,0.0,3.49
81062,All the Things Cookies,4.49,4.49,4.49,4.49,4.49,4.49,4.49,0.0,4.49
81060,Roasted Green Vegetables,4.99,4.99,4.99,4.99,4.99,4.99,4.99,0.0,4.99
81057,Blood Orange Mochi,4.99,4.99,4.99,4.99,4.99,4.99,4.99,0.0,4.99
81051,Sparkling Tea & Lemonade,1.99,1.99,1.99,1.99,1.99,1.99,1.99,0.0,1.99
81050,Roasted Tomato Labneh Dip,3.49,3.49,3.49,3.49,3.49,3.49,3.49,0.0,3.49
81001,Organic Margarita Mix,3.99,3.99,3.99,3.99,3.99,3.99,3.99,0.0,3.99
81000,Homestyle Cherry Pistachio Pecan Granola,4.99,4.99,4.99,4.99,4.99,4.99,4.99,0.0,4.99
80971,Organic Milk A2/A2,5.99,5.99,5.99,5.99,5.99,5.99,5.99,0.0,5.99
80967,Seasoned Lamb Shoulder Rack,11.99,11.99,11.99,11.99,11.99,11.99,11.99,0.0,11.99
81225,Pineapple Teriyaki Chicken Meatballs,4.29,4.29,4.29,4.29,4.29,4.29,4.29,0.0,4.29
81238,Vanilla Non-Dairy Frozen Dessert,4.29,4.29,4.29,4.29,4.29,4.29,4.29,0.0,4.29
81242,Homestyle Angus Beef Meatballs,9.99,9.99,9.99,9.99,9.99,9.99,9.99,0.0,9.99
81341,Easy Bouquet Wrap,1.49,1.49,1.49,1.49,1.49,1.49,1.49,0.0,1.49
81528,Vanilla Flavored Cold Foam Creamer,4.49,4.49,4.49,4.49,4.49,4.49,4.49,0.0,4.49
81486,Ready to Use Espresso Coffee,9.99,9.99,9.99,9.99,9.99,9.99,9.99,0.0,9.99
81459,"Strawberries & Cream, Bananas & Cream Yogurt Cups",3.99,3.99,3.99,3.99,3.99,3.99,3.99,0.0,3.99
81428,Chocolate Vanilla Creme Joe-Joe's 4 pk,0.79,0.79,0.79,0.79,0.79,0.79,0.79,0.0,0.79
81417,GoMacro® Timeless Treasure Salted Caramel + Chocolate Chips,2.69,2.69,2.69,2.69,2.69,2.69,2.69,0.0,2.69
81415,Trick-or-Treat Mini Canvas Totes,2.99,2.99,2.99,2.99,2.99,2.99,2.99,0.0,2.99
81316,Organic Sour Apple Watermelon Fruit Leather Wrap,0.49,0.49,0.49,0.49,0.49,0.49,0.49,0.0,0.49
81279,Maître Pierre Tarte d' Alsace,5.49,5.49,5.49,5.49,5.49,5.49,5.49,0.0,5.49
81310,Ranch Cottage Cheese Dip,3.99,3.99,3.99,3.99,3.99,3.99,3.99,0.0,3.99
81307,Thai Style Red Curry Soup,4.99,4.99,4.99,4.99,4.99,4.99,4.99,0.0,4.99
81302,Chicken & Apple Recipe Sausage Style Dog Treats,2.99,2.99,2.99,2.99,2.99,2.99,2.99,0.0,2.99
81294,Antipasto Stick Salami & Pepper Jack Cheese,1.99,1.99,1.99,1.99,1.99,1.99,1.99,0.0,1.99
81293,Pollo Asado Autentico,8.49,8.49,8.49,8.49,8.49,8.49,8.49,0.0,8.49
81280,Mini Chicken Tacos,5.99,5.99,5.99,5.99,5.99,5.99,5.99,0.0,5.99
74707,Gluten Free Madeleine Cookies,3.49,3.49,3.49,3.49,3.49,3.49,3.49,0.0,3.49
74622,Wicked Good Mini Chocolate Bars,5.99,5.99,5.99,5.99,5.99,5.99,5.99,0.0,5.99
74649,Cinnamon Roll Blondie Bar Baking Mix,3.99,3.99,3.99,3.99,3.99,3.99,3.99,0.0,3.99
56016,Premium Milk & Dark Chocolate Covered Almonds,7.99,7.99,7.99,7.99,7.99,7.99,7.99,0.0,7.99
55946,"Phalaenopsis Orchid, Assorted Colors",14.99,14.99,14.99,14.99,14.99,14.99,14.99,0.0,14.99
55923,Ground Beef Patties 80/20,7.49,7.49,7.49,7.49,7.49,7.49,7.49,0.0,7.49
55902,Seeds & Grains Crispbread,3.29,3.29,3.29,3.29,3.29,3.29,3.29,0.0,3.29
55860,Organic Ketchup,2.49,2.49,2.49,2.49,2.49,2.49,2.49,0.0,2.49
55691,Scandinavian Swimmers,3.79,3.79,3.79,3.79,3.79,3.79,3.79,0.0,3.79
55600,Mum Fleurettes,4.99,4.99,4.99,4.99,4.99,4.99,4.99,0.0,4.99
55583,Unsalted Dry Toasted Slivered Almonds,3.49,3.49,3.49,3.49,3.49,3.49,3.49,0.0,3.49
55571,Chicken Spring Rolls,4.49,4.49,4.49,4.49,4.49,4.49,4.49,0.0,4.49
55562,All Natural Ground Chicken,4.49,4.49,4.49,4.49,4.49,4.49,4.49,0.0,4.49
55478,Uncured Dry Rubbed Sliced Bacon,5.99,5.99,5.99,5.99,5.99,5.99,5.99,0.0,5.99
55428,Popcorn In a Pickle,2.29,2.29,2.29,2.29,2.29,2.29,2.29,0.0,2.29
55294,Ghost Pepper Potato Chips,3.49,3.49,3.49,3.49,3.49,3.49,3.49,0.0,3.49
55277,Gyro Slices,4.69,4.69,4.69,4.69,4.69,4.69,4.69,0.0,4.69
55269,Autumnal Harvest Creamy Pasta Sauce,4.49,4.49,4.49,4.49,4.49,4.49,4.49,0.0,4.49
55267,Gluten Free Pumpkin Bread & Muffin Baking Mix,4.49,4.49,4.49,4.49,4.49,4.49,4.49,0.0,4.49
56006,Vegetable Spring Rolls,4.49,4.49,4.49,4.49,4.49,4.49,4.49,0.0,4.49
56018,Hatch Chile Mac & Cheese,3.49,3.49,3.49,3.49,3.49,3.49,3.49,0.0,3.49
55238,Organic Coconut Milk,1.89,1.89,1.89,1.89,1.89,1.89,1.89,0.0,1.89
56051,Organic Ranch Dressing,2.99,2.99,2.99,2.99,2.99,2.99,2.99,0.0,2.99
57185,Vanilla Hold the Cone! Mini Ice Cream Cones,3.99,3.99,3.99,3.99,3.99,3.99,3.99,0.0,3.99
57099,Mango Jicama Slaw,5.49,5.49,5.49,5.49,5.49,5.49,5.49,0.0,5.49
56942,Sliced New Zealand Organic Cheddar,4.99,4.99,4.99,4.99,4.99,4.99,4.99,0.0,4.99
56774,Pumpkin Bagels,2.99,2.99,2.99,2.99,2.99,2.99,2.99,0.0,2.99
56687,Avocado Oil,7.99,7.99,7.99,7.99,7.99,7.99,7.99,0.0,7.99
56660,Spatchcocked Lemon Rosemary Chicken,5.99,5.99,5.99,5.99,5.99,5.99,5.99,0.0,5.99
56650,Kettle Cooked Chicken Soup,4.99,4.99,4.99,4.99,4.99,4.99,4.99,0.0,4.99
56423,Sriracha Flavored Baked Tofu,3.99,3.99,3.99,3.99,3.99,3.99,3.99,0.0,3.99
56417,Unsweetened Organic Açaí  Puree Packets,3.99,3.99,3.99,3.99,3.99,3.99,3.99,0.0,3.99
56309,Honey Walnut Shrimp,6.99,6.99,6.99,6.99,6.99,6.99,6.99,0.0,6.99
56278,Giant Baked Beans in Tomato Sauce,1.99,1.99,1.99,1.99,1.99,1.99,1.99,0.0,1.99
56226,Beef Filet Mignon Steak,21.99,21.99,21.99,21.99,21.99,21.99,21.99,0.0,21.99
56225,Beef Rib Eye Steak,15.99,15.99,15.99,15.99,15.99,15.99,15.99,0.0,15.99
56224,Beef New York Strip Steak,14.99,14.99,14.99,14.99,14.99,14.99,14.99,0.0,14.99
56218,Choice Premium Angus Beef Flank Steak,14.99,14.99,14.99,14.99,14.99,14.99,14.99,0.0,14.99
55248,Greek Spanakopita,4.49,4.49,4.49,4.49,4.49,4.49,4.49,0.0,4.49
55201,Rustic Apple Tarte,5.99,5.99,5.99,5.99,5.99,5.99,5.99,0.0,5.99
57364,Sea Salt Crystals,1.99,1.99,1.99,1.99,1.99,1.99,1.99,0.0,1.99
53421,Pumpkin Joe-Joe's Cookies,2.99,2.99,2.99,2.99,2.99,2.99,2.99,0.0,2.99
53340,Speculoos Cookie Butter Ice Cream,4.99,4.99,4.99,4.99,4.99,4.99,4.99,0.0,4.99
53276,Quinoa Cowboy Veggie Burgers,3.99,3.99,3.99,3.99,3.99,3.99,3.99,0.0,3.99
53273,Fig & Olive Crisps,3.99,3.99,3.99,3.99,3.99,3.99,3.99,0.0,3.99
53155,Roasted Corn,2.79,2.79,2.79,2.79,2.79,2.79,2.79,0.0,2.79
53022,Gnocchi al Gorgonzola,3.69,3.69,3.69,3.69,3.69,3.69,3.69,0.0,3.69
52954,Quattro Formaggi,5.49,5.49,5.49,5.49,5.49,5.49,5.49,0.0,5.49
52812,Chocolate Brooklyn Babka,5.99,5.99,5.99,5.99,5.99,5.99,5.99,0.0,5.99
52591,Hot & Spicy Chicken Wings,6.99,6.99,6.99,6.99,6.99,6.99,6.99,0.0,6.99
52381,Cheddar Cheese with Caramelized Onions,10.99,10.99,10.99,10.99,10.99,10.99,10.99,0.0,10.99
52148,Vegetable Fried Rice,2.99,2.99,2.99,2.99,2.99,2.99,2.99,0.0,2.99
51857,Triple Ginger Brew Sparkling Beverage,3.99,3.99,3.99,3.99,3.99,3.99,3.99,0.0,3.99
51753,Organic Dried Mango Unsulfured & Unsweetened,4.99,4.99,4.99,4.99,4.99,4.99,4.99,0.0,4.99
51604,A Dozen Macarons variés,5.99,5.99,5.99,5.99,5.99,5.99,5.99,0.0,5.99
51530,Vegetable Biryani with Vegetable Dumplings,2.99,2.99,2.99,2.99,2.99,2.99,2.99,0.0,2.99
51524,Organic Brown Rice & Quinoa Fusilli Pasta,3.49,3.49,3.49,3.49,3.49,3.49,3.49,0.0,3.49
53371,World's Puffiest White Cheddar Corn Puffs,2.69,2.69,2.69,2.69,2.69,2.69,2.69,0.0,2.69
53441,Organic Creamy Peanut Butter Salted Valencia,4.49,4.49,4.49,4.49,4.49,4.49,4.49,0.0,4.49
55085,Sweet Plantain Chips,2.49,2.49,2.49,2.49,2.49,2.49,2.49,0.0,2.49
53711,Pumpkin O's Cereal,2.99,2.99,2.99,2.99,2.99,2.99,2.99,0.0,2.99
55010,Organic Apple Strawberry Fruit Sauce Crushers,2.99,2.99,2.99,2.99,2.99,2.99,2.99,0.0,2.99
55005,Organic Apple Banana Fruit Sauce Crushers,2.99,2.99,2.99,2.99,2.99,2.99,2.99,0.0,2.99
54991,Fruitful Medley,3.99,3.99,3.99,3.99,3.99,3.99,3.99,0.0,3.99
54988,Steamed Chicken Soup Dumplings,3.49,3.49,3.49,3.49,3.49,3.49,3.49,0.0,3.49
54735,Organic Roasted Vegetable Pizza,4.99,4.99,4.99,4.99,4.99,4.99,4.99,0.0,4.99
54683,Fig Cookies,2.49,2.49,2.49,2.49,2.49,2.49,2.49,0.0,2.49
54571,Ultra Moisturizing Hand Cream,4.99,4.99,4.99,4.99,4.99,4.99,4.99,0.0,4.99
54292,Gluten Free White Sandwich Bread,4.99,4.99,4.99,4.99,4.99,4.99,4.99,0.0,4.99
54173,Garlic Spread Dip,3.69,3.69,3.69,3.69,3.69,3.69,3.69,0.0,3.69
53896,Grecian Style Eggplant with Tomatoes & Onions,2.99,2.99,2.99,2.99,2.99,2.99,2.99,0.0,2.99
53843,Dark Chocolate Ganache Mini Sheet Cake,5.49,5.49,5.49,5.49,5.49,5.49,5.49,0.0,5.49
53842,Chantilly Cream Vanilla Bean Mini Sheet Cake,5.49,5.49,5.49,5.49,5.49,5.49,5.49,0.0,5.49
53835,Organic French Baguette,1.99,1.99,1.99,1.99,1.99,1.99,1.99,0.0,1.99
53743,Gold Aceto Balsamico Di Modena,4.99,4.99,4.99,4.99,4.99,4.99,4.99,0.0,4.99
53720,Cultured Salted Butter,4.99,4.99,4.99,4.99,4.99,4.99,4.99,0.0,4.99
57186,Chocolate Hold the Cone! Mini Ice Cream Cones,3.99,3.99,3.99,3.99,3.99,3.99,3.99,0.0,3.99
57365,Black Peppercorns with Grinder,2.49,2.49,2.49,2.49,2.49,2.49,2.49,0.0,2.49
51482,Semi-Sweet Chocolate Chunks,4.29,4.29,4.29,4.29,4.29,4.29,4.29,0.0,4.29
61023,Butternut Squash Mac & Cheese,3.79,3.79,3.79,3.79,3.79,3.79,3.79,0.0,3.79
60942,Organic Italian Artisan Gigli Pasta,2.99,2.99,2.99,2.99,2.99,2.99,2.99,0.0,2.99
60873,Lemongrass Coconut Body Oil,3.99,3.99,3.99,3.99,3.99,3.99,3.99,0.0,3.99
60667,Shawarma Chicken Thighs,6.99,6.99,6.99,6.99,6.99,6.99,6.99,0.0,6.99
60577,Gone Berry Crazy!,2.99,2.99,2.99,2.99,2.99,2.99,2.99,0.0,2.99
60564,Organic Elote Corn Chip Dippers,2.99,2.99,2.99,2.99,2.99,2.99,2.99,0.0,2.99
60556,Chevre with Honey,3.29,3.29,3.29,3.29,3.29,3.29,3.29,0.0,3.29
60442,Wild Sockeye Smoked Salmon,7.99,7.99,7.99,7.99,7.99,7.99,7.99,0.0,7.99
60414,Dark Chocolate Orange Sticks,3.99,3.99,3.99,3.99,3.99,3.99,3.99,0.0,3.99
60389,Thai Lime & Chili Cashews,8.49,8.49,8.49,8.49,8.49,8.49,8.49,0.0,8.49
60335,Organic Sweet Italian Chicken Sausage,5.99,5.99,5.99,5.99,5.99,5.99,5.99,0.0,5.99
60310,Key Lime Tea Cookies,4.79,4.79,4.79,4.79,4.79,4.79,4.79,0.0,4.79
60255,Nori Komi Furikake Japanese Multi-Purpose Seasoning,2.99,2.99,2.99,2.99,2.99,2.99,2.99,0.0,2.99
60205,Greek Chickpeas with Cumin and Parsley,2.49,2.49,2.49,2.49,2.49,2.49,2.49,0.0,2.49
60185,Organic Oven Roasted Turkey Breast,5.99,5.99,5.99,5.99,5.99,5.99,5.99,0.0,5.99
60024,Riced Cauliflower Stir Fry,3.99,3.99,3.99,3.99,3.99,3.99,3.99,0.0,3.99
60956,Pumpkin Butternut Squash Bisque,4.79,4.79,4.79,4.79,4.79,4.79,4.79,0.0,4.79
61046,All Natural Bone-In Skin-On Chicken Thighs,1.99,1.99,1.99,1.99,1.99,1.99,1.99,0.0,1.99
59821,"Vegan Kale, Cashew & Basil Pesto",3.99,3.99,3.99,3.99,3.99,3.99,3.99,0.0,3.99
61123,HOLD THE CONE! PUMPKIN GINGER,3.99,3.99,3.99,3.99,3.99,3.99,3.99,0.0,3.99
61447,Shea Butter & Coconut Oil Hair Mask,3.99,3.99,3.99,3.99,3.99,3.99,3.99,0.0,3.99
61445,Fresh Mozzarella Cheese Log,6.49,6.49,6.49,6.49,6.49,6.49,6.49,0.0,6.49
61420,Chili & Lime Flavored Rolled Corn Tortilla Chips,2.99,2.99,2.99,2.99,2.99,2.99,2.99,0.0,2.99
61404,Yellow Tadka Dal,2.49,2.49,2.49,2.49,2.49,2.49,2.49,0.0,2.49
61403,Tikka Vegetables,2.49,2.49,2.49,2.49,2.49,2.49,2.49,0.0,2.49
61364,Gluten Free Mac & Cheese,3.99,3.99,3.99,3.99,3.99,3.99,3.99,0.0,3.99
61302,Mediterranean Style Orzo Pasta Salad,4.99,4.99,4.99,4.99,4.99,4.99,4.99,0.0,4.99
61301,Lemon Basil Pasta Salad,4.99,4.99,4.99,4.99,4.99,4.99,4.99,0.0,4.99
61299,Organic Boneless Skinless Chicken Breast Strips,7.99,7.99,7.99,7.99,7.99,7.99,7.99,0.0,7.99
61281,Brookie,4.99,4.99,4.99,4.99,4.99,4.99,4.99,0.0,4.99
61267,Perfect Bar® Dark Chocolate Chip Peanut Butter Protein Bar,2.49,2.49,2.49,2.49,2.49,2.49,2.49,0.0,2.49
61202,Buffalo Style Chicken Poppers,5.49,5.49,5.49,5.49,5.49,5.49,5.49,0.0,5.49
61167,Step Up to the Snack Bar Mix,5.99,5.99,5.99,5.99,5.99,5.99,5.99,0.0,5.99
61152,Balsamic Rosemary Beef Steak Tips,11.99,11.99,11.99,11.99,11.99,11.99,11.99,0.0,11.99
61136,Hyaluronic Moisture Boost Serum,8.99,8.99,8.99,8.99,8.99,8.99,8.99,0.0,8.99
59991,Green Goddess Salad Dressing,3.99,3.99,3.99,3.99,3.99,3.99,3.99,0.0,3.99
59721,Gluten Free Norwegian Crispbread,4.29,4.29,4.29,4.29,4.29,4.29,4.29,0.0,4.29
57367,Petite Pumpkin Spice Cookies,4.49,4.49,4.49,4.49,4.49,4.49,4.49,0.0,4.49
58304,Organic Hearty Minestrone Soup,4.99,4.99,4.99,4.99,4.99,4.99,4.99,0.0,4.99
58192,Honey Lemon Cough Drops,1.49,1.49,1.49,1.49,1.49,1.49,1.49,0.0,1.49
58191,Cranberry & Herb Supplement Drops,1.49,1.49,1.49,1.49,1.49,1.49,1.49,0.0,1.49
58121,Organic Spicy Taco Sauce,2.49,2.49,2.49,2.49,2.49,2.49,2.49,0.0,2.49
58114,Organic Coconut Aminos Seasoning Sauce,2.99,2.99,2.99,2.99,2.99,2.99,2.99,0.0,2.99
58036,Balsamic Vinegar of Modena,2.49,2.49,2.49,2.49,2.49,2.49,2.49,0.0,2.49
58025,Soft Strawberry Licorice Twists,2.99,2.99,2.99,2.99,2.99,2.99,2.99,0.0,2.99
58024,Soft Black Licorice Twists,2.99,2.99,2.99,2.99,2.99,2.99,2.99,0.0,2.99
57928,Haunted House Chocolate Cookie Kit,9.99,9.99,9.99,9.99,9.99,9.99,9.99,0.0,9.99
57879,Organic Tomato & Roasted Red Pepper Soup,3.49,3.49,3.49,3.49,3.49,3.49,3.49,0.0,3.49
57824,Egg Salad,4.99,4.99,4.99,4.99,4.99,4.99,4.99,0.0,4.99
57750,Chicken Burrito Bowl,3.49,3.49,3.49,3.49,3.49,3.49,3.49,0.0,3.49
57733,Shrimp Burgers,7.99,7.99,7.99,7.99,7.99,7.99,7.99,0.0,7.99
57473,General Tsao Stir Fry Sauce,3.49,3.49,3.49,3.49,3.49,3.49,3.49,0.0,3.49
57437,Just a Handful of Rainbow's End Trail Mix,5.49,5.49,5.49,5.49,5.49,5.49,5.49,0.0,5.49
57400,Turkey Harvest Salad,5.99,5.99,5.99,5.99,5.99,5.99,5.99,0.0,5.99
58259,Organic Red Lentil Sedanini,2.99,2.99,2.99,2.99,2.99,2.99,2.99,0.0,2.99
58308,Petite Bouquet,3.99,3.99,3.99,3.99,3.99,3.99,3.99,0.0,3.99
59461,Savory Herbed Chicken Thighs,6.99,6.99,6.99,6.99,6.99,6.99,6.99,0.0,6.99
58328,Liquid Dish Soap Lavender Tea Tree Scent,3.29,3.29,3.29,3.29,3.29,3.29,3.29,0.0,3.29
59417,Extra Hot Habanero Ghost Pepper Salsa,3.49,3.49,3.49,3.49,3.49,3.49,3.49,0.0,3.49
59322,ABC Bars,3.99,3.99,3.99,3.99,3.99,3.99,3.99,0.0,3.99
59248,Organic Hummus,2.99,2.99,2.99,2.99,2.99,2.99,2.99,0.0,2.99
59227,Organic Powdered Cane Sugar,3.29,3.29,3.29,3.29,3.29,3.29,3.29,0.0,3.29
59192,Zhoug Sauce,3.49,3.49,3.49,3.49,3.49,3.49,3.49,0.0,3.49
59137,Everything But The Bagel Sesame Seasoning Blend,1.99,1.99,1.99,1.99,1.99,1.99,1.99,0.0,1.99
59047,Refresh Citrus Body Wash,2.99,2.99,2.99,2.99,2.99,2.99,2.99,0.0,2.99
58871,Nutritional Yeast,3.49,3.49,3.49,3.49,3.49,3.49,3.49,0.0,3.49
58808,Tomato Feta Soup,4.79,4.79,4.79,4.79,4.79,4.79,4.79,0.0,4.79
58761,Brownie Crisp Coffee Ice Cream Sandwiches,4.79,4.79,4.79,4.79,4.79,4.79,4.79,0.0,4.79
58674,Quiche Lorraine,5.99,5.99,5.99,5.99,5.99,5.99,5.99,0.0,5.99
58643,"Gluten Free 
Egg Fettuccine Pasta",3.99,3.99,3.99,3.99,3.99,3.99,3.99,0.0,3.99
58641,Sweet Pull Apart Aloha Rolls,3.49,3.49,3.49,3.49,3.49,3.49,3.49,0.0,3.49
58527,Chocolate Covered Wafer Cookie,1.09,1.09,1.09,1.09,1.09,1.09,1.09,0.0,1.09
58329,Liquid Dish Soap Citrus Scent,3.29,3.29,3.29,3.29,3.29,3.29,3.29,0.0,3.29
51484,French Vanilla Ground Coffee,8.99,8.99,8.99,8.99,8.99,8.99,8.99,0.0,8.99
51476,Homestyle Salsa Especial Mild,2.99,2.99,2.99,2.99,2.99,2.99,2.99,0.0,2.99
61524,Cauliflower Gnocchi,3.29,3.29,3.29,3.29,3.29,3.29,3.29,0.0,3.29
20468,Pound Plus Milk Chocolate Bar,7.99,7.99,7.99,7.99,7.99,7.99,7.99,0.0,7.99
20429,Spanish Manzanilla Olives with Pimento Paste,2.99,2.99,2.99,2.99,2.99,2.99,2.99,0.0,2.99
19751,Chevre Goat Cheese,2.99,2.99,2.99,2.99,2.99,2.99,2.99,0.0,2.99
17733,Cinnamon Sticks,2.99,2.99,2.99,2.99,2.99,2.99,2.99,0.0,2.99
16541,Shredded 3 Cheese Blend,4.29,4.29,4.29,4.29,4.29,4.29,4.29,0.0,4.29
16439,Brownie Truffle Baking Mix,3.99,3.99,3.99,3.99,3.99,3.99,3.99,0.0,3.99
16126,Old Fashioned Blister Peanuts,2.99,2.99,2.99,2.99,2.99,2.99,2.99,0.0,2.99
14627,Whole Wheat English Muffins,1.99,1.99,1.99,1.99,1.99,1.99,1.99,0.0,1.99
14626,Classic English Muffins,1.99,1.99,1.99,1.99,1.99,1.99,1.99,0.0,1.99
12564,Pretzel Sticks,2.49,2.49,2.49,2.49,2.49,2.49,2.49,0.0,2.49
12498,Whipped Cream Cheese,2.49,2.49,2.49,2.49,2.49,2.49,2.49,0.0,2.49
12493,Sparkling Apple Cider,3.49,3.49,3.49,3.49,3.49,3.49,3.49,0.0,3.49
12491,Cream Cheese,1.99,1.99,1.99,1.99,1.99,1.99,1.99,0.0,1.99
12462,Italian Style Turkey Meatloaf,8.99,8.99,8.99,8.99,8.99,8.99,8.99,0.0,8.99
12268,Petite Peas,1.79,1.79,1.79,1.79,1.79,1.79,1.79,0.0,1.79
11999,Creamy Salted Peanut Butter,2.49,2.49,2.49,2.49,2.49,2.49,2.49,0.0,2.49
20459,Kosher Dill Pickles,2.99,2.99,2.99,2.99,2.99,2.99,2.99,0.0,2.99
20469,Pound Plus Milk Chocolate Bar with Almonds,7.99,7.99,7.99,7.99,7.99,7.99,7.99,0.0,7.99
10727,Crispy Crunchy Chocolate Chip Cookies,5.99,5.99,5.99,5.99,5.99,5.99,5.99,0.0,5.99
21509,Organic Hearty Vegetable Broth,1.99,1.99,1.99,1.99,1.99,1.99,1.99,0.0,1.99
29963,Organic Super Sweet Cut Corn,2.29,2.29,2.29,2.29,2.29,2.29,2.29,0.0,2.29
29911,Roasted Garlic Hummus,2.49,2.49,2.49,2.49,2.49,2.49,2.49,0.0,2.49
28285,Spicy Jalapeño Chicken Sausage,4.29,4.29,4.29,4.29,4.29,4.29,4.29,0.0,4.29
27677,Aioli Garlic Mustard Sauce,2.79,2.79,2.79,2.79,2.79,2.79,2.79,0.0,2.79
27042,Organic Cane Sugar,3.99,3.99,3.99,3.99,3.99,3.99,3.99,0.0,3.99
26621,Sweetened Dried Cranberries,1.99,1.99,1.99,1.99,1.99,1.99,1.99,0.0,1.99
26426,Soy Sauce Reduced Sodium,3.99,3.99,3.99,3.99,3.99,3.99,3.99,0.0,3.99
25966,Crumbled Feta,3.29,3.29,3.29,3.29,3.29,3.29,3.29,0.0,3.29
25493,Triple Ginger Snaps,4.79,4.79,4.79,4.79,4.79,4.79,4.79,0.0,4.79
25122,Jumbo Pitted Greek Kalamata Olives,2.99,2.99,2.99,2.99,2.99,2.99,2.99,0.0,2.99
24455,BBQ Cut Fresh Atlantic Salmon Fillets,11.99,11.99,11.99,11.99,11.99,11.99,11.99,0.0,11.99
22295,Fresh Cranberries,2.29,2.29,2.29,2.29,2.29,2.29,2.29,0.0,2.29
22129,Milk Chocolate Peanut Butter Cups,5.99,5.99,5.99,5.99,5.99,5.99,5.99,0.0,5.99
21888,Dijon Mustard,1.99,1.99,1.99,1.99,1.99,1.99,1.99,0.0,1.99
21717,Fresh Atlantic Salmon Boneless Skinless Fillet,12.99,12.99,12.99,12.99,12.99,12.99,12.99,0.0,12.99
11364,Pumpkin Pie Spice,2.99,2.99,2.99,2.99,2.99,2.99,2.99,0.0,2.99
10142,Broccoli & Cheddar Cheese Quiche,2.99,2.99,2.99,2.99,2.99,2.99,2.99,0.0,2.99
30337,String Cheese,3.99,3.99,3.99,3.99,3.99,3.99,3.99,0.0,3.99
4892,Pure Grade A Maple Syrup,4.99,4.99,4.99,4.99,4.99,4.99,4.99,0.0,4.99
4529,Semi-Sweet Chocolate Chips,3.99,3.99,3.99,3.99,3.99,3.99,3.99,0.0,3.99
4062,New Zealand Sharp Cheddar Cheese,6.99,6.99,6.99,6.99,6.99,6.99,6.99,0.0,6.99
3663,Chicken Gyoza Potstickers,3.99,3.99,3.99,3.99,3.99,3.99,3.99,0.0,3.99
3655,Joe's Diner Mac 'n Cheese,2.99,2.99,2.99,2.99,2.99,2.99,2.99,0.0,2.99
3575,Chocolate Almond Biscotti,4.99,4.99,4.99,4.99,4.99,4.99,4.99,0.0,4.99
3029,Orzo Italian Pasta,0.99,0.99,0.99,0.99,0.99,0.99,0.99,0.0,0.99
2517,Pizza Parlanno,5.49,5.49,5.49,5.49,5.49,5.49,5.49,0.0,5.49
1610,Colossal Olives Stuffed with Garlic Cloves,4.49,4.49,4.49,4.49,4.49,4.49,4.49,0.0,4.49
1605,Whole Kernel Corn,0.99,0.99,0.99,0.99,0.99,0.99,0.99,0.0,0.99
1535,Salsa Autentica,2.29,2.29,2.29,2.29,2.29,2.29,2.29,0.0,2.29
1489,Crunchy Peanut Butter Unsalted,2.49,2.49,2.49,2.49,2.49,2.49,2.49,0.0,2.49
1488,Crunchy Peanut Butter Salted,2.49,2.49,2.49,2.49,2.49,2.49,2.49,0.0,2.49
1487,Creamy Peanut Butter Unsalted,2.49,2.49,2.49,2.49,2.49,2.49,2.49,0.0,2.49
1437,Imported Olive Oil Packed in Italy,9.99,9.99,9.99,9.99,9.99,9.99,9.99,0.0,9.99
1070,Chocolate Lava Cakes,3.99,3.99,3.99,3.99,3.99,3.99,3.99,0.0,3.99
4856,Oven Toasted Old Fashioned Organic Oats,2.99,2.99,2.99,2.99,2.99,2.99,2.99,0.0,2.99
5985,White Cheddar Popcorn,1.99,1.99,1.99,1.99,1.99,1.99,1.99,0.0,1.99
10009,50% Less Salt Roasted & Salted Peanuts,3.29,3.29,3.29,3.29,3.29,3.29,3.29,0.0,3.29
6219,Small Curd Cottage Cheese,2.99,2.99,2.99,2.99,2.99,2.99,2.99,0.0,2.99
9976,Organic Marinara Sauce,3.49,3.49,3.49,3.49,3.49,3.49,3.49,0.0,3.49
9636,Black Beans,0.99,0.99,0.99,0.99,0.99,0.99,0.99,0.0,0.99
9299,"Italian 

Penne Rigate",0.99,0.99,0.99,0.99,0.99,0.99,0.99,0.0,0.99
9295,Italian Fusilli,0.99,0.99,0.99,0.99,0.99,0.99,0.99,0.0,0.99
9292,Italian Farfalle,1.29,1.29,1.29,1.29,1.29,1.29,1.29,0.0,1.29
8450,Cheese & Green Chile Tamales,3.79,3.79,3.79,3.79,3.79,3.79,3.79,0.0,3.79
7998,Dry Roasted & Salted Pistachios,6.99,6.99,6.99,6.99,6.99,6.99,6.99,0.0,6.99
7996,Dry Roasted & Salted Almonds,5.99,5.99,5.99,5.99,5.99,5.99,5.99,0.0,5.99
7995,Raw Almonds,4.99,4.99,4.99,4.99,4.99,4.99,4.99,0.0,4.99
6832,Caesar Salad with White Chicken Meat,4.99,4.99,4.99,4.99,4.99,4.99,4.99,0.0,4.99
6372,Pumpkin Butter,2.99,2.99,2.99,2.99,2.99,2.99,2.99,0.0,2.99
6253,"Butter Quarters, Unsalted",3.99,3.99,3.99,3.99,3.99,3.99,3.99,0.0,3.99
6252,"Butter Quarters, Salted",3.99,3.99,3.99,3.99,3.99,3.99,3.99,0.0,3.99
6237,Organic Tofu,2.49,2.49,2.49,2.49,2.49,2.49,2.49,0.0,2.49
6223,Sour Cream,2.79,2.79,2.79,2.79,2.79,2.79,2.79,0.0,2.79
30296,Multi-Floral & Clover Honey,3.99,3.99,3.99,3.99,3.99,3.99,3.99,0.0,3.99
30416,Organic Free Range Chicken Broth,1.99,1.99,1.99,1.99,1.99,1.99,1.99,0.0,1.99
51467,Pumpkin Body Butter,4.99,4.99,4.99,4.99,4.99,4.99,4.99,0.0,4.99
50264,Organic Kidney Beans,1.19,1.19,1.19,1.19,1.19,1.19,1.19,0.0,1.19
50261,Organic Garbanzo Beans,1.19,1.19,1.19,1.19,1.19,1.19,1.19,0.0,1.19
50237,Organic Yellow Mustard,1.79,1.79,1.79,1.79,1.79,1.79,1.79,0.0,1.79
50236,Speculoos Cookies,2.29,2.29,2.29,2.29,2.29,2.29,2.29,0.0,2.29
50209,Breaded Mozzarella Cheese Sticks,5.49,5.49,5.49,5.49,5.49,5.49,5.49,0.0,5.49
50199,Honey Roasted Pumpkin Ravioli,3.99,3.99,3.99,3.99,3.99,3.99,3.99,0.0,3.99
50130,Coconut Body Butter,5.99,5.99,5.99,5.99,5.99,5.99,5.99,0.0,5.99
50101,Trader Joe's This Pumpkin Walks Into A Bar... Cereal Bars,2.49,2.49,2.49,2.49,2.49,2.49,2.49,0.0,2.49
49473,Honey Mango Moisturizing Cream Shave,4.49,4.49,4.49,4.49,4.49,4.49,4.49,0.0,4.49
48875,Pound Plus 72% Cacao Dark Chocolate,8.99,8.99,8.99,8.99,8.99,8.99,8.99,0.0,8.99
48085,Madras Lentils,2.49,2.49,2.49,2.49,2.49,2.49,2.49,0.0,2.49
48065,Almond Ginger Scent Oatmeal Exfoliant Bar,3.99,3.99,3.99,3.99,3.99,3.99,3.99,0.0,3.99
47945,Thai Vegetable Gyoza,4.79,4.79,4.79,4.79,4.79,4.79,4.79,0.0,4.79
47910,Spaghetti,0.99,0.99,0.99,0.99,0.99,0.99,0.99,0.0,0.99
47909,Italian Linguine,0.99,0.99,0.99,0.99,0.99,0.99,0.99,0.0,0.99
47908,Italian Capellini,0.99,0.99,0.99,0.99,0.99,0.99,0.99,0.0,0.99
50262,Organic Black Beans,1.19,1.19,1.19,1.19,1.19,1.19,1.19,0.0,1.19
50304,Spicy Thai Shrimp Fried Rice,5.99,5.99,5.99,5.99,5.99,5.99,5.99,0.0,5.99
46189,Chicken Shu Mai,3.99,3.99,3.99,3.99,3.99,3.99,3.99,0.0,3.99
50352,Small Phalaenopsis Orchid in Ceramic,10.99,10.99,10.99,10.99,10.99,10.99,10.99,0.0,10.99
51460,Fully Cooked Pork Belly,6.99,6.99,6.99,6.99,6.99,6.99,6.99,0.0,6.99
51437,Crunchy Almond Butter No Salt,6.49,6.49,6.49,6.49,6.49,6.49,6.49,0.0,6.49
51316,Josie's Mandarins,3.49,3.49,3.49,3.49,3.49,3.49,3.49,0.0,3.49
51246,Pumpkin Cranberry Crisps,3.99,3.99,3.99,3.99,3.99,3.99,3.99,0.0,3.99
51011,Miso Ginger Broth,2.49,2.49,2.49,2.49,2.49,2.49,2.49,0.0,2.49
50953,Honey Roasted Peanuts,3.49,3.49,3.49,3.49,3.49,3.49,3.49,0.0,3.49
50920,Traditional Whole Milk Ricotta Cheese,3.99,3.99,3.99,3.99,3.99,3.99,3.99,0.0,3.99
50828,Sriracha Sauce,3.99,3.99,3.99,3.99,3.99,3.99,3.99,0.0,3.99
50784,Cowboy Caviar Salsa,3.49,3.49,3.49,3.49,3.49,3.49,3.49,0.0,3.49
50754,Gluten Free Joe-Joe's Chocolate Vanilla Creme Cookies,4.49,4.49,4.49,4.49,4.49,4.49,4.49,0.0,4.49
50752,Dolmas,3.49,3.49,3.49,3.49,3.49,3.49,3.49,0.0,3.49
50661,Delicata Squash,1.49,1.49,1.49,1.49,1.49,1.49,1.49,0.0,1.49
50631,Dark Chocolate Covered Cherries,6.99,6.99,6.99,6.99,6.99,6.99,6.99,0.0,6.99
50467,"""This Strawberry Walks into a Bar"" Cereal Bars",2.49,2.49,2.49,2.49,2.49,2.49,2.49,0.0,2.49
50378,Vegetable Bird's Nests,3.99,3.99,3.99,3.99,3.99,3.99,3.99,0.0,3.99
47588,Sea Salt Fine Crystals,1.99,1.99,1.99,1.99,1.99,1.99,1.99,0.0,1.99
45226,Roasted Garlic Marinara Sauce,1.99,1.99,1.99,1.99,1.99,1.99,1.99,0.0,1.99
30758,Organic Baked Tofu Teriyaki Flavor,3.99,3.99,3.99,3.99,3.99,3.99,3.99,0.0,3.99
38552,Honey O's Cereal,2.69,2.69,2.69,2.69,2.69,2.69,2.69,0.0,2.69
36592,Joe's Os Cereal,1.99,1.99,1.99,1.99,1.99,1.99,1.99,0.0,1.99
36420,Cilantro Salad Dressing,3.99,3.99,3.99,3.99,3.99,3.99,3.99,0.0,3.99
36334,French Market Sparkling Pink Lemonade,3.99,3.99,3.99,3.99,3.99,3.99,3.99,0.0,3.99
36084,Potato Pancakes,3.69,3.69,3.69,3.69,3.69,3.69,3.69,0.0,3.69
35982,Milk Chocolate Covered Mini Pretzels,4.29,4.29,4.29,4.29,4.29,4.29,4.29,0.0,4.29
35784,Madeleine Cookies,2.99,2.99,2.99,2.99,2.99,2.99,2.99,0.0,2.99
33700,Mushroom Risotto,3.99,3.99,3.99,3.99,3.99,3.99,3.99,0.0,3.99
33372,Organic Sweet Potatoes,4.99,4.99,4.99,4.99,4.99,4.99,4.99,0.0,4.99
33331,Manchego Cheese,14.99,14.99,14.99,14.99,14.99,14.99,14.99,0.0,14.99
32809,Cornbread Mix,2.99,2.99,2.99,2.99,2.99,2.99,2.99,0.0,2.99
32039,Yellow Squash,2.49,2.49,2.49,2.49,2.49,2.49,2.49,0.0,2.49
31890,Gnocchi alla Sorrentina,2.99,2.99,2.99,2.99,2.99,2.99,2.99,0.0,2.99
31883,Cambozola® Triple Cream Cheese,13.99,13.99,13.99,13.99,13.99,13.99,13.99,0.0,13.99
31737,French Market Sparkling Lemonade,3.99,3.99,3.99,3.99,3.99,3.99,3.99,0.0,3.99
31185,New York Deli Style Cheesecake,7.99,7.99,7.99,7.99,7.99,7.99,7.99,0.0,7.99
37855,Fresh Atlantic Salmon Boneless Fillet,9.99,9.99,9.99,9.99,9.99,9.99,9.99,0.0,9.99
38747,Organic Tomato Paste,0.99,0.99,0.99,0.99,0.99,0.99,0.99,0.0,0.99
45141,Dark Chocolate Covered Mini Pretzels,4.29,4.29,4.29,4.29,4.29,4.29,4.29,0.0,4.29
38981,Cracker Assortment,3.99,3.99,3.99,3.99,3.99,3.99,3.99,0.0,3.99
45029,Tomato Basil Marinara Sauce,1.99,1.99,1.99,1.99,1.99,1.99,1.99,0.0,1.99
44919,Italian Style Meatballs,5.99,5.99,5.99,5.99,5.99,5.99,5.99,0.0,5.99
44575,Cocoa Truffles,4.49,4.49,4.49,4.49,4.49,4.49,4.49,0.0,4.49
44191,Slim Size Paper Towels,3.99,3.99,3.99,3.99,3.99,3.99,3.99,0.0,3.99
44180,Asian Style Vegetables with Stir Fry Sauce,3.99,3.99,3.99,3.99,3.99,3.99,3.99,0.0,3.99
44103,Yellow Cling Peach Halves,4.79,4.79,4.79,4.79,4.79,4.79,4.79,0.0,4.79
43871,Cinnamon Graham Crackers,4.79,4.79,4.79,4.79,4.79,4.79,4.79,0.0,4.79
42890,Small Curd Cottage Cheese,4.49,4.49,4.49,4.49,4.49,4.49,4.49,0.0,4.49
42866,Organic Unfiltered Apple Juice,5.49,5.49,5.49,5.49,5.49,5.49,5.49,0.0,5.49
42747,Mascarpone,3.99,3.99,3.99,3.99,3.99,3.99,3.99,0.0,3.99
41752,Premium Chunk White Chicken,3.99,3.99,3.99,3.99,3.99,3.99,3.99,0.0,3.99
41747,100% Red Tart Cherry Juice,4.99,4.99,4.99,4.99,4.99,4.99,4.99,0.0,4.99
40978,Chocolatey Coated Chocolate Chip Cookie Dunkers,6.99,6.99,6.99,6.99,6.99,6.99,6.99,0.0,6.99
39884,Fresh Cut Pineapple Chunks,3.99,3.99,3.99,3.99,3.99,3.99,3.99,0.0,3.99
39509,Extra Fine French Green Beans,2.49,2.49,2.49,2.49,2.49,2.49,2.49,0.0,2.49
61467,Part Skim Ricotta Cheese,3.99,3.99,3.99,3.99,3.99,3.99,3.99,0.0,3.99
61534,Mini Vegetable Samosas,3.99,3.99,3.99,3.99,3.99,3.99,3.99,0.0,3.99
74643,Honey Crisp Apple Cinnamon Greek Yogurt,0.99,0.99,0.99,0.99,0.99,0.99,0.99,0.0,0.99
71519,Oat Non-Dairy Frozen Dessert Sandwiches,3.99,3.99,3.99,3.99,3.99,3.99,3.99,0.0,3.99
71323,Organic Cacio e Pepe Puffs,2.49,2.49,2.49,2.49,2.49,2.49,2.49,0.0,2.49
71294,Green Goddess Seasoning Blend,2.99,2.99,2.99,2.99,2.99,2.99,2.99,0.0,2.99
71253,Organic Balsamic Vinegar,5.99,5.99,5.99,5.99,5.99,5.99,5.99,0.0,5.99
71211,Brazil Nut Body Butter,5.99,5.99,5.99,5.99,5.99,5.99,5.99,0.0,5.99
71119,Hold the Dairy! Vegan Chocolate Mini Cones,4.29,4.29,4.29,4.29,4.29,4.29,4.29,0.0,4.29
71109,Kitchari,2.49,2.49,2.49,2.49,2.49,2.49,2.49,0.0,2.49
71089,Graham Cracker Squares,3.49,3.49,3.49,3.49,3.49,3.49,3.49,0.0,3.49
71063,Japchae Korean Glass Noodles & Vegetable Stir Fry,3.49,3.49,3.49,3.49,3.49,3.49,3.49,0.0,3.49
71040,Ube Tea Cookies,4.49,4.49,4.49,4.49,4.49,4.49,4.49,0.0,4.49
71007,Candy Coated Chocolates,3.29,3.29,3.29,3.29,3.29,3.29,3.29,0.0,3.29
71006,Candy Coated Chocolate Peanuts,3.29,3.29,3.29,3.29,3.29,3.29,3.29,0.0,3.29
70942,Vegan Cream Cheese Alternative,2.99,2.99,2.99,2.99,2.99,2.99,2.99,0.0,2.99
70925,Fresh Mozzarella Cheese Snackers,3.99,3.99,3.99,3.99,3.99,3.99,3.99,0.0,3.99
70915,Chips in a Pickle,2.99,2.99,2.99,2.99,2.99,2.99,2.99,0.0,2.99
70912,Lavender Hand Sanitizer Spray,1.99,1.99,1.99,1.99,1.99,1.99,1.99,0.0,1.99
71498,Organic Chunky Homestyle Guacamole,4.49,4.49,4.49,4.49,4.49,4.49,4.49,0.0,4.49
71552,Oat Chocolate Bars,2.29,2.29,2.29,2.29,2.29,2.29,2.29,0.0,2.29
70860,Peanut Butter Caramel Coated Popcorn,3.79,3.79,3.79,3.79,3.79,3.79,3.79,0.0,3.79
71595,Pimento Cheese Dip,3.99,3.99,3.99,3.99,3.99,3.99,3.99,0.0,3.99
72321,Sesame Teriyaki Beef Skirt Steak,16.99,16.99,16.99,16.99,16.99,16.99,16.99,0.0,16.99
72313,Rawhide Free Peanut Butter Flavor Dog Treat,4.79,4.79,4.79,4.79,4.79,4.79,4.79,0.0,4.79
72306,Organic Lentil Vegetable Soup,2.49,2.49,2.49,2.49,2.49,2.49,2.49,0.0,2.49
72270,Organic Pasture Raised Large Brown Eggs,6.99,6.99,6.99,6.99,6.99,6.99,6.99,0.0,6.99
72228,Retinol Night Serum,9.99,9.99,9.99,9.99,9.99,9.99,9.99,0.0,9.99
72149,Pumpkin Maple Bacon Stuffies Dog Treats,4.49,4.49,4.49,4.49,4.49,4.49,4.49,0.0,4.49
72073,Gluten Free Organic Rolled Oats with Ancient Grains & Seeds,4.99,4.99,4.99,4.99,4.99,4.99,4.99,0.0,4.99
72051,Rosemary Croissant Croutons,3.99,3.99,3.99,3.99,3.99,3.99,3.99,0.0,3.99
72041,Spooky Bats & Cats Sour Gummy Candies,3.79,3.79,3.79,3.79,3.79,3.79,3.79,0.0,3.79
71890,Four Cheese Scalloped Potatoes,5.99,5.99,5.99,5.99,5.99,5.99,5.99,0.0,5.99
71839,Caramel Sea Salt Baking Chips,3.49,3.49,3.49,3.49,3.49,3.49,3.49,0.0,3.49
71762,Gluten Free Cheese Ravioli,4.49,4.49,4.49,4.49,4.49,4.49,4.49,0.0,4.49
71761,Vegan Spinach & Cashew Ravioli,3.99,3.99,3.99,3.99,3.99,3.99,3.99,0.0,3.99
71696,Wild Raw Argentinian Red Shrimp,11.99,11.99,11.99,11.99,11.99,11.99,11.99,0.0,11.99
71651,Gluten Free Breaded Shrimp,9.99,9.99,9.99,9.99,9.99,9.99,9.99,0.0,9.99
70907,Organic Dried & Pitted Deglet Noor Dates,2.99,2.99,2.99,2.99,2.99,2.99,2.99,0.0,2.99
70784,Eggwich Breadless Breakfast Sandwich,5.49,5.49,5.49,5.49,5.49,5.49,5.49,0.0,5.49
72426,Cheddar Cheese with Scotch Bonnet Chili Peppers,9.99,9.99,9.99,9.99,9.99,9.99,9.99,0.0,9.99
70096,Peri Peri Sauce,3.49,3.49,3.49,3.49,3.49,3.49,3.49,0.0,3.49
69919,Organic Papperdelle Pasta Nests,3.49,3.49,3.49,3.49,3.49,3.49,3.49,0.0,3.49
69916,Magnifisauce!,3.49,3.49,3.49,3.49,3.49,3.49,3.49,0.0,3.49
69861,Tangerine Cream Bars,3.49,3.49,3.49,3.49,3.49,3.49,3.49,0.0,3.49
69856,Mexican-Style Riced Cauliflower,3.99,3.99,3.99,3.99,3.99,3.99,3.99,0.0,3.99
69823,Grated Parmesan Cheese,2.99,2.99,2.99,2.99,2.99,2.99,2.99,0.0,2.99
69808,Organic Stone Ground Yellow Corn Taco Shells,2.69,2.69,2.69,2.69,2.69,2.69,2.69,0.0,2.69
69793,Organic Unbleached All-Purpose Flour,5.49,5.49,5.49,5.49,5.49,5.49,5.49,0.0,5.49
69754,Marinated Artichokes On The Go,1.29,1.29,1.29,1.29,1.29,1.29,1.29,0.0,1.29
69707,Greek Whole Milk Yogurt Plain,2.99,2.99,2.99,2.99,2.99,2.99,2.99,0.0,2.99
69665,Sweet Cinnamon Filled Korean Pancakes,4.49,4.49,4.49,4.49,4.49,4.49,4.49,0.0,4.49
69630,Lemon Bars,4.99,4.99,4.99,4.99,4.99,4.99,4.99,0.0,4.99
69622,Pumpkin Brioche Twist,4.99,4.99,4.99,4.99,4.99,4.99,4.99,0.0,4.99
69566,Bolognese Style Tomato & Beef Pasta Sauce,4.49,4.49,4.49,4.49,4.49,4.49,4.49,0.0,4.49
69342,Pumpkin Blondie Brownies,4.99,4.99,4.99,4.99,4.99,4.99,4.99,0.0,4.99
69169,Plain Whole Milk Greek Yogurt,0.99,0.99,0.99,0.99,0.99,0.99,0.99,0.0,0.99
69998,Carne Asada Burritos,5.99,5.99,5.99,5.99,5.99,5.99,5.99,0.0,5.99
70186,Fruity Gummy Candies,1.99,1.99,1.99,1.99,1.99,1.99,1.99,0.0,1.99
70721,Almond Butter Filled Pretzel Nuggets,4.49,4.49,4.49,4.49,4.49,4.49,4.49,0.0,4.49
70198,Papadums Lentil and Chickpea Crisps,2.69,2.69,2.69,2.69,2.69,2.69,2.69,0.0,2.69
70650,Cacio E Pepe Pasta Sauce,3.79,3.79,3.79,3.79,3.79,3.79,3.79,0.0,3.79
70642,Maple Poffertjes,3.49,3.49,3.49,3.49,3.49,3.49,3.49,0.0,3.49
70636,Shredded Parmesan Cheese Alternative,3.99,3.99,3.99,3.99,3.99,3.99,3.99,0.0,3.99
70634,Vegan Tzatziki Dip,4.29,4.29,4.29,4.29,4.29,4.29,4.29,0.0,4.29
70609,Southwest Style Chicken Quesadillas,4.49,4.49,4.49,4.49,4.49,4.49,4.49,0.0,4.49
70561,Organic Dark Chocolate Bar 73% Cacao,2.69,2.69,2.69,2.69,2.69,2.69,2.69,0.0,2.69
70524,Gluten Free Cinnamon Coffee Cake Muffins,5.99,5.99,5.99,5.99,5.99,5.99,5.99,0.0,5.99
70506,Everything And the Elote Greek Style Yogurt Dip,3.79,3.79,3.79,3.79,3.79,3.79,3.79,0.0,3.79
70500,Cherry Tomatoes on the Vine,4.99,4.99,4.99,4.99,4.99,4.99,4.99,0.0,4.99
70453,Gluten Free English Muffins,4.49,4.49,4.49,4.49,4.49,4.49,4.49,0.0,4.49
70441,Dark Chocolate Coffee Buzz Bar,2.29,2.29,2.29,2.29,2.29,2.29,2.29,0.0,2.29
70407,Jumbo Mum Balls,4.99,4.99,4.99,4.99,4.99,4.99,4.99,0.0,4.99
70378,Avocado Spray Oil,3.99,3.99,3.99,3.99,3.99,3.99,3.99,0.0,3.99
70377,Chocolate & Peanut Butter Joe-Joe's,3.99,3.99,3.99,3.99,3.99,3.99,3.99,0.0,3.99
70359,Argentinian Red Shrimp with Ginger Garlic Butter,7.99,7.99,7.99,7.99,7.99,7.99,7.99,0.0,7.99
72392,"Organic Creamy Cashew Cultured Yogurt Alternative, Plain Unsweetened",4.99,4.99,4.99,4.99,4.99,4.99,4.99,0.0,4.99
72499,Balsamic Vinaigrette,2.99,2.99,2.99,2.99,2.99,2.99,2.99,0.0,2.99
69040,Shredded Lite Mozzarella Cheese,3.99,3.99,3.99,3.99,3.99,3.99,3.99,0.0,3.99
74214,Avocado Mash,3.49,3.49,3.49,3.49,3.49,3.49,3.49,0.0,3.49
74181,Unsalted Dry Toasted Sliced Almonds,3.49,3.49,3.49,3.49,3.49,3.49,3.49,0.0,3.49
74158,Mashed Potatoes,4.49,4.49,4.49,4.49,4.49,4.49,4.49,0.0,4.49
74143,Sea Salt Brownie Bites,2.99,2.99,2.99,2.99,2.99,2.99,2.99,0.0,2.99
74111,Mini Chocolate Chip Cookies,0.99,0.99,0.99,0.99,0.99,0.99,0.99,0.0,0.99
74110,Gluten Free Double Chocolate Muffins,5.99,5.99,5.99,5.99,5.99,5.99,5.99,0.0,5.99
74087,Double Chocolate Wafer Cookies,3.49,3.49,3.49,3.49,3.49,3.49,3.49,0.0,3.49
74074,Chocolate Chip Poffertjes,3.99,3.99,3.99,3.99,3.99,3.99,3.99,0.0,3.99
74071,Trio of Soft Licorice Twists,2.49,2.49,2.49,2.49,2.49,2.49,2.49,0.0,2.49
74064,PB&C Snack Duo,4.29,4.29,4.29,4.29,4.29,4.29,4.29,0.0,4.29
74047,Sous Vide Chicken Thighs,8.99,8.99,8.99,8.99,8.99,8.99,8.99,0.0,8.99
74031,Cashew Butter Cashews,4.99,4.99,4.99,4.99,4.99,4.99,4.99,0.0,4.99
73946,"Dark Chocolate Bark with Almond, Pretzel & Sea Salt",5.99,5.99,5.99,5.99,5.99,5.99,5.99,0.0,5.99
73936,Spanish Style Rice,3.99,3.99,3.99,3.99,3.99,3.99,3.99,0.0,3.99
73935,Mini (Almost) Everything Bagel Sandwich Crackers,3.49,3.49,3.49,3.49,3.49,3.49,3.49,0.0,3.49
73814,White Miso Paste,2.99,2.99,2.99,2.99,2.99,2.99,2.99,0.0,2.99
74194,Hydrolyzed Collagen Powder,7.99,7.99,7.99,7.99,7.99,7.99,7.99,0.0,7.99
74248,Pumpkin Spiced Joe-Joe's Sandwich Cookies,4.49,4.49,4.49,4.49,4.49,4.49,4.49,0.0,4.49
73773,Organic Crescent Rolls,3.99,3.99,3.99,3.99,3.99,3.99,3.99,0.0,3.99
74256,4 Cheese Ravioli,3.29,3.29,3.29,3.29,3.29,3.29,3.29,0.0,3.29
74637,Salted Maple Ice Cream,3.79,3.79,3.79,3.79,3.79,3.79,3.79,0.0,3.79
74631,Pumpkin Cheesecake Croissants,4.99,4.99,4.99,4.99,4.99,4.99,4.99,0.0,4.99
1026,Pastry Bites Feta Cheese & Caramelized Onions,5.49,5.49,5.49,5.49,5.49,5.49,5.49,0.0,5.49
74619,Pumpkin Streusel Muffins,5.99,5.99,5.99,5.99,5.99,5.99,5.99,0.0,5.99
74578,Chicken Meatballs,3.99,3.99,3.99,3.99,3.99,3.99,3.99,0.0,3.99
74577,Dill-icious Chopped Salad Kit,3.99,3.99,3.99,3.99,3.99,3.99,3.99,0.0,3.99
74573,Ginger Lemon Probiotic Sparkling Beverage,1.99,1.99,1.99,1.99,1.99,1.99,1.99,0.0,1.99
74572,Tangerine Probiotic Sparkling Beverage,1.99,1.99,1.99,1.99,1.99,1.99,1.99,0.0,1.99
74564,Italian Tomato & Burrata Ravioloni,3.99,3.99,3.99,3.99,3.99,3.99,3.99,0.0,3.99
74550,Chunky Garlic & Jalapeño Hot Sauce,3.99,3.99,3.99,3.99,3.99,3.99,3.99,0.0,3.99
74545,All Purpose Disinfectant Cleaner,3.99,3.99,3.99,3.99,3.99,3.99,3.99,0.0,3.99
74539,Snacky Clusters,4.49,4.49,4.49,4.49,4.49,4.49,4.49,0.0,4.49
74465,Grilled Pitted Green Olives,3.99,3.99,3.99,3.99,3.99,3.99,3.99,0.0,3.99
74464,Lemongrass Moisturizing Conditioner,4.99,4.99,4.99,4.99,4.99,4.99,4.99,0.0,4.99
74462,Buttermilk Ranch Dressing,3.99,3.99,3.99,3.99,3.99,3.99,3.99,0.0,3.99
73798,Non-Dairy Oat Creamer Brown Sugar Flavor,1.99,1.99,1.99,1.99,1.99,1.99,1.99,0.0,1.99
73768,Organic Biscuits,4.29,4.29,4.29,4.29,4.29,4.29,4.29,0.0,4.29
72519,Sweet Potato Habanero Hot Sauce,2.99,2.99,2.99,2.99,2.99,2.99,2.99,0.0,2.99
73246,Gochujang Paste,1.99,1.99,1.99,1.99,1.99,1.99,1.99,0.0,1.99
73159,Black Tea Unsweetened Beverage,4.99,4.99,4.99,4.99,4.99,4.99,4.99,0.0,4.99
73062,Tikka Masala Curry Sauce,2.29,2.29,2.29,2.29,2.29,2.29,2.29,0.0,2.29
72968,Blueberry Muffin Mix,4.49,4.49,4.49,4.49,4.49,4.49,4.49,0.0,4.49
72949,Korean Beefless Bulgogi,4.99,4.99,4.99,4.99,4.99,4.99,4.99,0.0,4.99
72937,Organic Shelled Hemp Seeds,6.49,6.49,6.49,6.49,6.49,6.49,6.49,0.0,6.49
72933,Jamaican Style Beef Patties,4.79,4.79,4.79,4.79,4.79,4.79,4.79,0.0,4.79
72929,"Ranch 
Seasoning Blend",2.99,2.99,2.99,2.99,2.99,2.99,2.99,0.0,2.99
72810,Dark Chocolate Almond Butter Pretzel Nuggets,4.49,4.49,4.49,4.49,4.49,4.49,4.49,0.0,4.49
72774,Steamed & Peeled Baby Beets,2.29,2.29,2.29,2.29,2.29,2.29,2.29,0.0,2.29
72757,Vegan Creamy Dill Dressing,3.99,3.99,3.99,3.99,3.99,3.99,3.99,0.0,3.99
72700,Butternut Squash Mac & Cheese Bites,3.99,3.99,3.99,3.99,3.99,3.99,3.99,0.0,3.99
72676,Organic Naan Crackers,3.49,3.49,3.49,3.49,3.49,3.49,3.49,0.0,3.49
72620,Beef Birria,7.99,7.99,7.99,7.99,7.99,7.99,7.99,0.0,7.99
72617,Candied Pecans,4.99,4.99,4.99,4.99,4.99,4.99,4.99,0.0,4.99
72567,Avocado Ranch Salad Kit,3.99,3.99,3.99,3.99,3.99,3.99,3.99,0.0,3.99
73162,Chocolate Croissants,3.49,3.49,3.49,3.49,3.49,3.49,3.49,0.0,3.49
73297,Impossible™ Chicken Nuggets,6.99,6.99,6.99,6.99,6.99,6.99,6.99,0.0,6.99
73765,"Cheese, Spinach & Kale Egg Bites",3.79,3.79,3.79,3.79,3.79,3.79,3.79,0.0,3.79
73314,BBQ & Black Pepper Toscano Chopped Salad,3.49,3.49,3.49,3.49,3.49,3.49,3.49,0.0,3.49
73764,Cheddar Cheese & Uncured Bacon Egg Bites,3.79,3.79,3.79,3.79,3.79,3.79,3.79,0.0,3.79
73731,Dotty Micro Poms Bunch,4.99,4.99,4.99,4.99,4.99,4.99,4.99,0.0,4.99
73721,Organic Jumbo Cinnamon Rolls,4.99,4.99,4.99,4.99,4.99,4.99,4.99,0.0,4.99
73711,Almond Chipotle Dip,3.49,3.49,3.49,3.49,3.49,3.49,3.49,0.0,3.49
73707,Shrimp Boom Bah,8.99,8.99,8.99,8.99,8.99,8.99,8.99,0.0,8.99
73662,Sous Vide Turkey Breast Tenderloins,8.99,8.99,8.99,8.99,8.99,8.99,8.99,0.0,8.99
73649,Chimichurri Sauce,3.99,3.99,3.99,3.99,3.99,3.99,3.99,0.0,3.99
73609,All Butter Shortbread Sandwich Cookies with Raspberry Filling,2.99,2.99,2.99,2.99,2.99,2.99,2.99,0.0,2.99
73594,Seasoned Waffle Cut Fries,3.79,3.79,3.79,3.79,3.79,3.79,3.79,0.0,3.79
73578,Gnocchi,1.99,1.99,1.99,1.99,1.99,1.99,1.99,0.0,1.99
73568,Daily Facial Sunscreen SPF 40,8.99,8.99,8.99,8.99,8.99,8.99,8.99,0.0,8.99
73466,Seasoned Corn Ribs,3.99,3.99,3.99,3.99,3.99,3.99,3.99,0.0,3.99
73420,Egg Wraps,4.69,4.69,4.69,4.69,4.69,4.69,4.69,0.0,4.69
73329,Sliced Muenster Cheese,4.49,4.49,4.49,4.49,4.49,4.49,4.49,0.0,4.49
73321,Sweet Picanté Peppers,4.99,4.99,4.99,4.99,4.99,4.99,4.99,0.0,4.99
69082,Everything But The Bagel Seasoned Potato Chips,2.99,2.99,2.99,2.99,2.99,2.99,2.99,0.0,2.99
68992,Organic Freeze-Dried Berry Medley,3.99,3.99,3.99,3.99,3.99,3.99,3.99,0.0,3.99
61673,Chocolate Milk made with Fair Trade Cocoa,4.49,4.49,4.49,4.49,4.49,4.49,4.49,0.0,4.49
64146,CANDLE TIN SWEET LEMON,3.99,3.99,3.99,3.99,3.99,3.99,3.99,0.0,3.99
63991,Chile & Garlic Cashews,4.49,4.49,4.49,4.49,4.49,4.49,4.49,0.0,4.49
63878,Halloween Gummies,4.99,4.99,4.99,4.99,4.99,4.99,4.99,0.0,4.99
63804,TJ's Mushroom & Company Multipurpose Umami Seasoning Blend,2.99,2.99,2.99,2.99,2.99,2.99,2.99,0.0,2.99
63601,Dark Chocolate Almond Butter Cups,5.49,5.49,5.49,5.49,5.49,5.49,5.49,0.0,5.49
63550,Organic Free Range Boneless Skinless Chicken Breasts,7.49,7.49,7.49,7.49,7.49,7.49,7.49,0.0,7.49
63527,Spicy Uncured Charcuterie Collection,8.99,8.99,8.99,8.99,8.99,8.99,8.99,0.0,8.99
63491,Organic Coleslaw Kit,2.99,2.99,2.99,2.99,2.99,2.99,2.99,0.0,2.99
63486,Organic Kansas City Style BBQ Sauce,2.99,2.99,2.99,2.99,2.99,2.99,2.99,0.0,2.99
63483,Vegan Banana Bread with Walnuts,5.49,5.49,5.49,5.49,5.49,5.49,5.49,0.0,5.49
63465,Everything But The Bagel Seasoned Smoked Salmon,5.99,5.99,5.99,5.99,5.99,5.99,5.99,0.0,5.99
63427,Honeycrisp Apple Scented Candle,3.99,3.99,3.99,3.99,3.99,3.99,3.99,0.0,3.99
63389,Apple Cider Foaming Hand Soap,2.99,2.99,2.99,2.99,2.99,2.99,2.99,0.0,2.99
63353,Organic Toasted Sesame Dressing,3.99,3.99,3.99,3.99,3.99,3.99,3.99,0.0,3.99
63261,Sparkling Coconut Water with Yuzu,1.0,1.0,1.0,1.0,1.0,1.0,1.0,0.0,1.0
63216,Autumnal Harvest Soup,4.99,4.99,4.99,4.99,4.99,4.99,4.99,0.0,4.99
64117,PB & J Snack Duo,4.29,4.29,4.29,4.29,4.29,4.29,4.29,0.0,4.29
64355,Brazilian Style Cheese Bread,4.99,4.99,4.99,4.99,4.99,4.99,4.99,0.0,4.99
63082,Israeli Feta,7.99,7.99,7.99,7.99,7.99,7.99,7.99,0.0,7.99
64401,Guava Passion Fruit Greek Whole Milk Yogurt,0.99,0.99,0.99,0.99,0.99,0.99,0.99,0.0,0.99
65131,Premium Jumbo Orchid in Ceramic,19.99,19.99,19.99,19.99,19.99,19.99,19.99,0.0,19.99
65062,Dairy-Free Cheddar Style Slices,3.99,3.99,3.99,3.99,3.99,3.99,3.99,0.0,3.99
65012,GT's Synergy Living in Gratitude Raw Kombucha,3.49,3.49,3.49,3.49,3.49,3.49,3.49,0.0,3.49
64957,Organic Unsweetened Almond Beverage,1.99,1.99,1.99,1.99,1.99,1.99,1.99,0.0,1.99
64741,Blueberry Muffins,4.99,4.99,4.99,4.99,4.99,4.99,4.99,0.0,4.99
64672,Organic Açai Bowl,3.99,3.99,3.99,3.99,3.99,3.99,3.99,0.0,3.99
64663,"Gluten Free 
Pizza Dough",3.99,3.99,3.99,3.99,3.99,3.99,3.99,0.0,3.99
64656,Shea Butter & Coconut Oil Hair Serum,4.99,4.99,4.99,4.99,4.99,4.99,4.99,0.0,4.99
64598,Icelandic Style Skyr Lowfat Cherry Yogurt,1.19,1.19,1.19,1.19,1.19,1.19,1.19,0.0,1.19
64597,Icelandic Style Skyr Lowfat Vanilla Yogurt,1.19,1.19,1.19,1.19,1.19,1.19,1.19,0.0,1.19
64582,Aussie-Style Chocolate Crème Sandwich Cookies,3.29,3.29,3.29,3.29,3.29,3.29,3.29,0.0,3.29
64527,Mandarin Style Orange Chicken Bowl,4.49,4.49,4.49,4.49,4.49,4.49,4.49,0.0,4.49
64499,Strawberry Mochi,4.99,4.99,4.99,4.99,4.99,4.99,4.99,0.0,4.99
64459,Ultra Hydrating Gel Moisturizer,8.99,8.99,8.99,8.99,8.99,8.99,8.99,0.0,8.99
64435,Focaccia Bread with Roasted Tomato & Parmesan,4.99,4.99,4.99,4.99,4.99,4.99,4.99,0.0,4.99
63164,Gluten Free Almost Everything Bagels,4.99,4.99,4.99,4.99,4.99,4.99,4.99,0.0,4.99
62955,Outside-In Stuffed Gnocchi,3.69,3.69,3.69,3.69,3.69,3.69,3.69,0.0,3.69
65167,Supreme Hydrating Eye Cream,5.99,5.99,5.99,5.99,5.99,5.99,5.99,0.0,5.99
62480,Crunchy Chili Onion,4.49,4.49,4.49,4.49,4.49,4.49,4.49,0.0,4.49
62189,Onion & Chive Cream Cheese Spread,2.29,2.29,2.29,2.29,2.29,2.29,2.29,0.0,2.29
62146,Gluten Free Multigrain Bread,4.99,4.99,4.99,4.99,4.99,4.99,4.99,0.0,4.99
62144,Gluten Free Hamburger Buns,4.99,4.99,4.99,4.99,4.99,4.99,4.99,0.0,4.99
62124,Pasture Raised Large Brown Eggs,5.99,5.99,5.99,5.99,5.99,5.99,5.99,0.0,5.99
62070,Organic Shredded 3 Cheese Blend,4.49,4.49,4.49,4.49,4.49,4.49,4.49,0.0,4.49
62039,Grain Free Dog Treats with Peanut Butter & Banana,2.99,2.99,2.99,2.99,2.99,2.99,2.99,0.0,2.99
62023,Chocolate Chip Pain Au Lait,3.99,3.99,3.99,3.99,3.99,3.99,3.99,0.0,3.99
62016,Organic Mediterranean Style Salad Kit,3.99,3.99,3.99,3.99,3.99,3.99,3.99,0.0,3.99
61942,"Unsweetened Almond, Cashew & Macadamia Nut Beverage",2.49,2.49,2.49,2.49,2.49,2.49,2.49,0.0,2.49
61934,Italian Bomba Hot Pepper Sauce,3.49,3.49,3.49,3.49,3.49,3.49,3.49,0.0,3.49
61905,Rose Water Facial Toner,3.99,3.99,3.99,3.99,3.99,3.99,3.99,0.0,3.99
61902,Vanilla Overnight Oats,1.99,1.99,1.99,1.99,1.99,1.99,1.99,0.0,1.99
61855,Organic Caesar Salad Kit,4.99,4.99,4.99,4.99,4.99,4.99,4.99,0.0,4.99
61771,Chicken Sausage Breakfast Burrito,4.49,4.49,4.49,4.49,4.49,4.49,4.49,0.0,4.49
61752,Brioche Buns,3.99,3.99,3.99,3.99,3.99,3.99,3.99,0.0,3.99
62234,Organic Raw Apple Cider Vinegar,2.49,2.49,2.49,2.49,2.49,2.49,2.49,0.0,2.49
62481,Riced Cauliflower Bowl,3.99,3.99,3.99,3.99,3.99,3.99,3.99,0.0,3.99
62954,Plantain Crisps,2.79,2.79,2.79,2.79,2.79,2.79,2.79,0.0,2.79
62485,Dark Chocolate Sunflower Seed Butter Cups,1.59,1.59,1.59,1.59,1.59,1.59,1.59,0.0,1.59
62910,Sea Salted Saddle Potato Crisps,1.99,1.99,1.99,1.99,1.99,1.99,1.99,0.0,1.99
62909,Coffee Lover's Espresso Beans,1.49,1.49,1.49,1.49,1.49,1.49,1.49,0.0,1.49
62905,Nonfat Plain Greek Yogurt,0.99,0.99,0.99,0.99,0.99,0.99,0.99,0.0,0.99
62904,Jerk-Style Plantain Chips,1.99,1.99,1.99,1.99,1.99,1.99,1.99,0.0,1.99
62899,Egg Frittata,3.49,3.49,3.49,3.49,3.49,3.49,3.49,0.0,3.49
62839,Mini French Baguettes,4.49,4.49,4.49,4.49,4.49,4.49,4.49,0.0,4.49
62834,Chocolate Chip Hold the Cone! Mini Ice Cream Cones,3.99,3.99,3.99,3.99,3.99,3.99,3.99,0.0,3.99
62823,Cuban Style Citrus Garlic Bowl,3.99,3.99,3.99,3.99,3.99,3.99,3.99,0.0,3.99
62789,Organic Thick & Chunky Salsa,3.29,3.29,3.29,3.29,3.29,3.29,3.29,0.0,3.29
62742,Thai Wheat Noodles,2.49,2.49,2.49,2.49,2.49,2.49,2.49,0.0,2.49
62676,Hydrangea 3-stem,5.99,5.99,5.99,5.99,5.99,5.99,5.99,0.0,5.99
62667,Organic Hickory Smoked Turkey Breast,5.99,5.99,5.99,5.99,5.99,5.99,5.99,0.0,5.99
62648,Perfect Bar ® Peanut Butter Protein Bar,2.49,2.49,2.49,2.49,2.49,2.49,2.49,0.0,2.49
62527,Ponzu Sauce,3.99,3.99,3.99,3.99,3.99,3.99,3.99,0.0,3.99
62488,Fire Roasted Red Peppers,2.99,2.99,2.99,2.99,2.99,2.99,2.99,0.0,2.99
65148,Non-Dairy Oat Beverage,2.99,2.99,2.99,2.99,2.99,2.99,2.99,0.0,2.99
65191,Shredded Unexpected Cheddar Cheese,4.99,4.99,4.99,4.99,4.99,4.99,4.99,0.0,4.99
68904,Harvest Apple Salad Kit,3.99,3.99,3.99,3.99,3.99,3.99,3.99,0.0,3.99
68174,Vegan Caesar Dressing,3.99,3.99,3.99,3.99,3.99,3.99,3.99,0.0,3.99
67942,Teeny Tiny Tomatoes,1.99,1.99,1.99,1.99,1.99,1.99,1.99,0.0,1.99
67891,Dry Shampoo,5.99,5.99,5.99,5.99,5.99,5.99,5.99,0.0,5.99
67844,Hearts of Palm Pasta,3.49,3.49,3.49,3.49,3.49,3.49,3.49,0.0,3.49
67751,Twisted Cookie Sticks,2.29,2.29,2.29,2.29,2.29,2.29,2.29,0.0,2.29
67489,Peanut Udon Noodle Salad,4.99,4.99,4.99,4.99,4.99,4.99,4.99,0.0,4.99
67480,Bulgogi Beef Fried Rice With Kimchi,5.49,5.49,5.49,5.49,5.49,5.49,5.49,0.0,5.49
67425,"Seasonal Bouquet, Large",14.99,14.99,14.99,14.99,14.99,14.99,14.99,0.0,14.99
67424,Seasonal Bouquet,7.99,7.99,7.99,7.99,7.99,7.99,7.99,0.0,7.99
67385,Chewy Chocolate & Peanut Butter Protein Bars,3.69,3.69,3.69,3.69,3.69,3.69,3.69,0.0,3.69
67312,Mini Succulent Skulls,4.99,4.99,4.99,4.99,4.99,4.99,4.99,0.0,4.99
67303,Hand & Body Cream with Moroccan Argan Oil,3.99,3.99,3.99,3.99,3.99,3.99,3.99,0.0,3.99
67172,Organic Super Bread,3.99,3.99,3.99,3.99,3.99,3.99,3.99,0.0,3.99
67160,Ground Fermented Black Garlic,2.99,2.99,2.99,2.99,2.99,2.99,2.99,0.0,2.99
67075,Pumpkin Bisque,5.49,5.49,5.49,5.49,5.49,5.49,5.49,0.0,5.49
67010,Organic Non-Dairy Soy Beverage Unsweetened,2.29,2.29,2.29,2.29,2.29,2.29,2.29,0.0,2.29
68138,Chile Spiced Pineapple,3.99,3.99,3.99,3.99,3.99,3.99,3.99,0.0,3.99
68227,Sesame Crusted Hardwood Smoked Ahi Tuna,6.99,6.99,6.99,6.99,6.99,6.99,6.99,0.0,6.99
67004,Belgian Butter Waffle Cookies,2.99,2.99,2.99,2.99,2.99,2.99,2.99,0.0,2.99
68349,Sparkling Black Tea with Peach Juice Beverage,1.0,1.0,1.0,1.0,1.0,1.0,1.0,0.0,1.0
68896,Holiday Vegetable Hash,4.99,4.99,4.99,4.99,4.99,4.99,4.99,0.0,4.99
68834,Roasted Garlic & Pesto Pizza with Deep Fried Crust,6.49,6.49,6.49,6.49,6.49,6.49,6.49,0.0,6.49
68816,Pumpkin Spice Batons,2.29,2.29,2.29,2.29,2.29,2.29,2.29,0.0,2.29
68815,Stepping It Up Spicy Snack Bar Mix,5.99,5.99,5.99,5.99,5.99,5.99,5.99,0.0,5.99
68787,Pumpkin Overnight Oats,1.99,1.99,1.99,1.99,1.99,1.99,1.99,0.0,1.99
68719,Wild Alaskan Sockeye Salmon Fillets,14.99,14.99,14.99,14.99,14.99,14.99,14.99,0.0,14.99
68663,Thai Sweet Ginger Sauce,2.49,2.49,2.49,2.49,2.49,2.49,2.49,0.0,2.49
68654,Marula Facial Oil,6.99,6.99,6.99,6.99,6.99,6.99,6.99,0.0,6.99
68636,Pumpkin Spiced Teeny Tiny Pretzels,3.49,3.49,3.49,3.49,3.49,3.49,3.49,0.0,3.49
68580,Chocolate Covered Wafer Cookie with Peanut Butter Filling,1.09,1.09,1.09,1.09,1.09,1.09,1.09,0.0,1.09
68494,Organic Ground Cinnamon,1.99,1.99,1.99,1.99,1.99,1.99,1.99,0.0,1.99
68492,Organic Ground Turmeric,1.99,1.99,1.99,1.99,1.99,1.99,1.99,0.0,1.99
68491,Organic Ground Black Pepper,2.29,2.29,2.29,2.29,2.29,2.29,2.29,0.0,2.29
68448,White Stilton with Cranberries,12.99,12.99,12.99,12.99,12.99,12.99,12.99,0.0,12.99
68389,Ube Mochi Pancake & Waffle Mix,3.99,3.99,3.99,3.99,3.99,3.99,3.99,0.0,3.99
67008,Cheese Filled Fiocchetti with Pink Sauce,4.79,4.79,4.79,4.79,4.79,4.79,4.79,0.0,4.79
66998,Reusable Lavender Dryer Bags,4.49,4.49,4.49,4.49,4.49,4.49,4.49,0.0,4.49
65259,Steamed Pork & Ginger Soup Dumplings,3.49,3.49,3.49,3.49,3.49,3.49,3.49,0.0,3.49
66056,Maple & Sea Salt Kettle Corn,2.99,2.99,2.99,2.99,2.99,2.99,2.99,0.0,2.99
65967,Cuban Style Citrusy Garlic Seasoning Blend,2.29,2.29,2.29,2.29,2.29,2.29,2.29,0.0,2.29
65874,Cacio e Pepe Ravioli,3.99,3.99,3.99,3.99,3.99,3.99,3.99,0.0,3.99
65666,Garlic & Onion Pistachios,6.99,6.99,6.99,6.99,6.99,6.99,6.99,0.0,6.99
65636,Organic Toasted Sesame Oil,3.49,3.49,3.49,3.49,3.49,3.49,3.49,0.0,3.49
65624,Buffalo Chicken Dip,4.99,4.99,4.99,4.99,4.99,4.99,4.99,0.0,4.99
65583,Organic Garlic Naan Crackers,3.49,3.49,3.49,3.49,3.49,3.49,3.49,0.0,3.49
65556,Super Sour Scandinavian Swimmers,3.79,3.79,3.79,3.79,3.79,3.79,3.79,0.0,3.79
65545,Taiwanese Green Onion Pancakes,2.69,2.69,2.69,2.69,2.69,2.69,2.69,0.0,2.69
65467,8 Mini Croissants,5.99,5.99,5.99,5.99,5.99,5.99,5.99,0.0,5.99
65411,Trail Mix Crackers,2.99,2.99,2.99,2.99,2.99,2.99,2.99,0.0,2.99
65405,Liquid Laundry Detergent Lavender Scent,10.99,10.99,10.99,10.99,10.99,10.99,10.99,0.0,10.99
65404,Liquid Laundry Detergent Free & Clear,6.49,6.49,6.49,6.49,6.49,6.49,6.49,0.0,6.49
65400,Multi-Purpose Cleaner Cedarwood & Sage,3.99,3.99,3.99,3.99,3.99,3.99,3.99,0.0,3.99
65333,Non-Dairy Oat Beverage,3.99,3.99,3.99,3.99,3.99,3.99,3.99,0.0,3.99
65293,Mac and Cheese Bites,3.99,3.99,3.99,3.99,3.99,3.99,3.99,0.0,3.99
66054,Mini Cheesecake Cones,4.99,4.99,4.99,4.99,4.99,4.99,4.99,0.0,4.99
66065,Fall Leaf Corn Tortilla Chips,3.99,3.99,3.99,3.99,3.99,3.99,3.99,0.0,3.99
66915,Everything But the Bagel Nut Duo,4.99,4.99,4.99,4.99,4.99,4.99,4.99,0.0,4.99
66143,Maple Streusel Bread,4.49,4.49,4.49,4.49,4.49,4.49,4.49,0.0,4.49
66804,Everything But The Elote Seasoning Blend,1.99,1.99,1.99,1.99,1.99,1.99,1.99,0.0,1.99
66729,Hot Italian Sausage made with Pork,6.49,6.49,6.49,6.49,6.49,6.49,6.49,0.0,6.49
66728,Sweet Italian Sausage made with Pork,6.49,6.49,6.49,6.49,6.49,6.49,6.49,0.0,6.49
66573,Organic Pumpkin,2.49,2.49,2.49,2.49,2.49,2.49,2.49,0.0,2.49
66563,Mandarin Orange Chicken,5.49,5.49,5.49,5.49,5.49,5.49,5.49,0.0,5.49
66539,HOL PUMPKIN BIOCELLULOSE FACE SHEET MASK,0.99,0.99,0.99,0.99,0.99,0.99,0.99,0.0,0.99
66521,California Extra Virgin Olive Oil,8.99,8.99,8.99,8.99,8.99,8.99,8.99,0.0,8.99
66493,Olive & Herbs Mixed Nuts,5.49,5.49,5.49,5.49,5.49,5.49,5.49,0.0,5.49
66433,Brioche Hot Dog Buns,3.49,3.49,3.49,3.49,3.49,3.49,3.49,0.0,3.49
66402,Organic Vermont Maple Syrup,4.99,4.99,4.99,4.99,4.99,4.99,4.99,0.0,4.99
66323,Root Vegetable Fries,3.99,3.99,3.99,3.99,3.99,3.99,3.99,0.0,3.99
66314,Organic Pure Bourbon Vanilla Extract,9.99,9.99,9.99,9.99,9.99,9.99,9.99,0.0,9.99
66299,Dairy-Free Mozzarella Style Shreds,3.99,3.99,3.99,3.99,3.99,3.99,3.99,0.0,3.99
66293,Lemony Arugula Basil Salad Kit,3.99,3.99,3.99,3.99,3.99,3.99,3.99,0.0,3.99
66144,Gluten Free Pumpkin Spice Bagels,4.99,4.99,4.99,4.99,4.99,4.99,4.99,0.0,4.99
181449,Sparkling Tangerine Vanilla Water,3.79,3.79,3.79,3.79,3.79,3.79,3.79,0.0,3.79
